{
    "energy_data": {
        "CASSCF": [
            -3.0261183506312657,
            -3.035900019991874,
            -3.0483679073505083,
            -3.06399511653007,
            -3.083202322951617,
            -3.1062858497751384,
            -3.133326283214402,
            -3.164075398395764,
            -3.1978147003470188,
            -3.2331628853832015,
            0.6270728324554025,
            -3.3144527989461148,
            -1.4398419922582217,
            -3.3168688205669854,
            -2.424018251609221,
            -3.297783104817209,
            -2.912036390800872,
            -3.2677706701970615,
            -3.151278441245612,
            -3.2724915070227576,
            -3.008378591010668,
            -3.0127637479379796,
            -3.018551111086091
        ],
        "HF": [
            -2.972899467151165,
            -2.983948283540324,
            -2.9978416846674074,
            -3.0149919400954404,
            -3.035727597395422,
            -3.060215829081073,
            -3.0883609567289354,
            -3.1196848932170633,
            -3.1532260692183662,
            -3.187576505408562,
            0.6536671408646981,
            -3.2735366059730717,
            -1.4058804591847753,
            -3.272662794747683,
            -2.388345199256886,
            -3.2514809246414726,
            -2.875850535358583,
            -3.221136637766367,
            -3.1158417439162402,
            -3.23558397347614,
            -2.9525235614017817,
            -2.9575932297190555,
            -2.9642562957890712
        ],
        "B3LYP": [
            -3.01395816185328,
            -3.023091383582756,
            -3.034702428916714,
            -3.0492479908079493,
            -3.067142564837566,
            -3.088677825934416,
            -3.1139041785704467,
            -3.142465404217999,
            -3.173384528775471,
            -3.2048535459676337,
            0.6511923540853601,
            -3.276899625355168,
            -1.4075400625666319,
            -3.278001122582822,
            -2.3891061454733187,
            -3.260121568882269,
            -2.8769413131602457,
            -3.2344324452421342,
            -3.118331301668144,
            -3.2379018115969673,
            -2.997189910311843,
            -3.001382743202071,
            -3.006856688069764
        ],
        "sto-3G": [
            -2.8243416519132136,
            -2.8340507650853612,
            -2.8471921339556037,
            -2.8647028777604384,
            -2.887569376435786,
            -2.916689242883511,
            -2.952668364024406,
            -2.9955654258319404,
            -3.0446002440867,
            -3.0978256472309127,
            1.4253362027296443,
            -3.2445422400449013,
            -1.0673818464985576,
            -3.2360662798923405,
            -2.225106185924531,
            -3.2006842808756844,
            -2.796419230339958,
            -3.151729141125457,
            -3.0779954519765074,
            -3.2044118794841134,
            -2.808427400636408,
            -2.8121194749021354,
            -2.8172520030718724
        ],
        "basisNN": [
            -3.0246217951962633,
            -3.0335051760484286,
            -3.044829647115061,
            -3.0622516610046904,
            -3.081221829422029,
            -3.1038994510181666,
            -3.13101231624774,
            -3.1616442447685653,
            -3.1939258658424916,
            -3.22716536695827,
            0.8850817589689743,
            -3.2990987373030034,
            -1.3150459884834618,
            -3.3025159681013783,
            -2.3375976741796034,
            -3.286119803179478,
            -2.8934611925645983,
            -3.259231000970328,
            -3.1410918588289123,
            -3.256273188630521,
            -3.0052837415372804,
            -3.0116856244839143,
            -3.017775031489471
        ],
        "ccpVDZ": [
            -3.03014472,
            -3.04142449,
            -3.05586641,
            -3.07403679,
            -3.09642991,
            -3.12337057,
            -3.1549015,
            -3.19067016,
            -3.22981494,
            -3.27081093,
            0.56769453,
            -3.37475003,
            -1.50781158,
            -3.37175163,
            -2.49695264,
            -3.34698283,
            -2.98758072,
            -3.311187,
            -3.2283596,
            -3.33763262,
            -3.0098736,
            -3.0148538,
            -3.02146103
        ],
        "AVAS": [
            -3.000880649903392,
            -3.013466201145374,
            -3.0288015802368813,
            -3.0472549812673555,
            -3.0691400279755436,
            -3.0946584647330186,
            -3.1238217411673412,
            -3.1563464907902237,
            -3.1915147104341837,
            -3.2279777187837797,
            0.6499457405545748,
            -3.311689616346495,
            -1.4254004380929128,
            -3.313721606139568,
            -2.4188723550123843,
            -3.2941172680120907,
            -2.912727312743214,
            -3.2634423014856355,
            -3.1567099963732117,
            -3.269919644213969,
            -2.9759075984952807,
            -2.982449388141987,
            -2.9906634521202795
        ],
        "name": [
            "19.json",
            "18.json",
            "17.json",
            "16.json",
            "15.json",
            "14.json",
            "13.json",
            "12.json",
            "11.json",
            "10.json",
            "0.json",
            "6.json",
            "1.json",
            "7.json",
            "2.json",
            "8.json",
            "3.json",
            "9.json",
            "4.json",
            "5.json",
            "22.json",
            "21.json",
            "20.json"
        ]
    },
    "l_data": {
        "basisNN": [
            10.688936111772449,
            10.783565861055447,
            10.919559327647445,
            12.780304468683608,
            13.054861728711007,
            13.30455711605083,
            13.787024789668902,
            14.310040578685582,
            14.628986939533275,
            15.046676335887003,
            28.77132220749717,
            17.47038056337574,
            24.238002435437615,
            16.734429884896286,
            24.67782663544783,
            16.103378712990597,
            24.455181605773817,
            15.49135579652497,
            21.89369518922689,
            19.340967252025887,
            11.566436202951682,
            12.335448302965087,
            11.361335192382608
        ],
        "AVAS": [
            12.867106832961731,
            13.004235942299584,
            13.14934003097046,
            13.301838546472407,
            13.469871581025323,
            13.71273382662973,
            13.98055190439693,
            14.277219558690796,
            14.665242872151216,
            15.09570373377008,
            65.52609798549001,
            17.577377154609742,
            44.04550297449427,
            16.764196573038088,
            33.76831692248892,
            16.141887389990334,
            27.233009164947926,
            15.58882460679982,
            22.707500883390995,
            19.490670006369005,
            12.492746777994494,
            12.611885438724233,
            12.736486465488632
        ],