{
    "E_opt": {
        "E": -2.156780695198628,
        "l": 6.554563182794458
    },
    "l_opt": {
        "E": -2.156780695198628,
        "l": 6.52678352711806,
        "eigvals": [
            -1.5480747240506496,
            -1.3382725711225205,
            -1.1729846266110564,
            -1.042187976570343
        ]
    },
    "HF": {
        "E": -2.121532838943351,
        "l": 5.9767382144659456
    },
    "B3LYP": {
        "E": -2.134194909449729,
        "l": 6.181589370213681
    },
    "sto-3G": {
        "E": -2.0652289632712875,
        "l": 6.889323057767686
    },
    "ccpVDZ": {
        "E": -2.1793127133200136
    },
    "proj": [
        [
            0.772113633809506,
            0.5652097489661768,
            -2.6169987997691628e-17,
            -0.04373083089646364,
            -2.456660770979558e-16,
            -0.0805944318709301,
            0.14975047538727576,
            6.367830595544759e-17,
            -0.1321233327953264,
            4.14811654165096e-17,
            0.02996169258865996,
            -0.0018814959688285375,
            2.1972860326353543e-17,
            0.02857836910126241,
            -4.011369095467634e-18,
            0.013148548059722225,
            0.007202894365721254,
            -2.5764445549031955e-17,
            -0.009410231231724922,
            -2.5971017358457006e-17
        ],
        [
            0.5652097489661768,
            0.4672693720044868,
            -3.544639570031261e-18,
            0.006923687107305758,
            -7.118113963983988e-17,
            0.14538094662005807,
            0.23881795361803154,
            1.5093124137227133e-17,
            -0.10565917003887083,
            1.1343081293063645e-17,
            -0.017351672950798286,
            0.01160968645577558,
            2.8819478117069274e-17,
            -0.01783799799966789,
            -6.012947058819264e-19,
            0.007158132117195266,
            -0.01539369783372139,
            -9.480773534593715e-18,
            0.0048513531990937555,
            -3.0363159236145585e-17
        ],
        [
            -2.6169987997691628e-17,
            -3.54463957003126e-18,
            8.637103729634385e-33,
            1.2153552234022647e-17,
            4.607809220049537e-32,
            6.102323231912113e-17,
            3.4796960679295914e-17,
            2.9593871934162337e-33,
            4.926289992750321e-18,
            -2.9155816579783133e-33,
            1.4314039223967808e-19,
            -5.560083938475895e-19,
            8.907982932562552e-33,
            -2.0714223874349783e-17,
            3.7352109677144815e-33,
            -5.0284007000542e-17,
            -4.037130974424728e-17,
            3.1339238790794796e-33,
            -4.2401645404447555e-19,
            -2.9618886836820946e-33
        ],
        [
            -0.04373083089646364,
            0.006923687107305762,
            1.2153552234022647e-17,
            0.031060554941055876,
            8.766475530431557e-17,
            0.15516612225997745,
            0.08786666170778479,
            -2.8717192548031455e-17,
            0.001956891893009398,
            -1.6819899115079426e-17,
            -0.024016699195627753,
            0.01717621729652854,
            8.738623911346013e-18,
            -0.027987794854838623,
            1.980877167703112e-18,
            0.009377028732929024,
            -0.004877874209352102,
            8.335254795688575e-18,
            0.008383467713125124,
            -7.519717834355213e-18
        ],
        [
            -2.456660770979558e-16,
            -7.118113963983986e-17,
            4.607809220049537e-32,
            8.766475530431557e-17,
            4.5565808593379025e-31,
            3.787743507160118e-16,
            1.1589151236523208e-16,
            -8.984525525655987e-32,
            -2.987003568922739e-17,
            -5.278747347235634e-32,
            -3.9208362420525527e-16,
            -2.243838139673825e-16,
            -4.2522909185831256e-32,
            -1.0426777075809512e-16,
            -1.3290676015607282e-32,
            -1.5168297680843544e-16,
            -2.2664309381085737e-16,
            2.8157288976949397e-32,
            7.669192483305511e-17,
            1.5026338678462213e-32
        ],
        [
            -0.08059443187093011,
            0.14538094662005807,
            6.102323231912113e-17,
            0.15516612225997745,
            3.7877435071601186e-16,
            0.8135995667457097,
            0.5187669754644043,
            -1.1964128051890898e-16,
            0.002645629449511007,
            -7.513716013615211e-17,
            -0.025240998783082003,
            0.15066117459633332,
            7.347163782901606e-17,
            -0.14727852937250782,
            1.82449706459708e-17,
            0.029780413675119195,
            -0.017483532826952246,
            3.796437315234837e-17,
            0.024006717683374576,
            -5.2976545386545646e-17
        ],
        [
            0.14975047538727576,
            0.23881795361803154,
            3.4796960679295914e-17,
            0.08786666170778479,
            1.158915123652321e-16,
            0.5187669754644042,
            0.4152098035958407,
            -3.0818811428514144e-17,
            -0.0029919034910286186,
            -2.901263804612766e-17,
            0.1507371900122218,
            0.19988626568583817,
            9.044941702867742e-17,
            -0.0934344553569949,
            2.4424635171896765e-17,
            -0.002007951444424819,
            0.011535762334993347,
            1.603378972281179e-17,
            -0.017197167315822742,
            -5.460298296900716e-17
        ],
        [
            6.367830595544757e-17,
            1.5093124137227133e-17,
            2.959387193416235e-33,
            -2.871719254803145e-17,
            -8.984525525655987e-32,
            -1.1964128051890896e-16,
            -3.0818811428514144e-17,
            9.528160911848445e-32,
            2.1452539487431218e-17,
            3.4657457797308625e-32,
            1.5561153508858516e-16,
            2.7107357121808594e-17,
            3.7244652550828657e-32,
            -1.2501874172352286e-17,
            1.6950071379830713e-32,
            -2.0634639125653088e-16,
            -1.1346589393702447e-16,
            -1.0188022893118906e-32,
            -3.934941731184629e-17,
            -4.763976768427482e-33
        ],
        [
            -0.1321233327953264,
            -0.10565917003887083,
            4.926289992750322e-18,
            0.001956891893009398,
            -2.9870035689227383e-17,
            0.002645629449511007,
            -0.0029919034910286173,
            2.1452539487431215e-17,
            0.051407407170014706,
            3.4746492279162906e-18,
            0.14727425253363383,
            0.09343015182615605,
            2.9532536829192464e-17,
            -0.006282719515053618,
            1.3256666443580959e-17,
            -0.028581717796037843,
            0.017833809734440115,
            1.6423892670657327e-18,
            -0.027987247717065837,
            -6.783896955724396e-18
        ],
        [
            4.1481165416509595e-17,
            1.1343081293063644e-17,
            -2.9155816579783133e-33,
            -1.681989911507943e-17,
            -5.278747347235634e-32,
            -7.513716013615211e-17,
            -2.901263804612766e-17,
            3.4657457797308625e-32,
            3.474649227916291e-18,
            1.4607456924162743e-32,
            5.089882757528246e-17,
            4.121240041381727e-18,
            8.467732876317977e-33,
            4.6729521840279426e-18,
            4.116115709384835e-33,
            -5.757609062052178e-17,
            -2.838565272944668e-17,
            -5.426895308970926e-33,
            -1.3372101771105055e-17,
            1.4117005999039174e-34
        ],
        [
            0.029961692588659886,
            -0.017351672950798307,
