{
    "E_opt": {
        "E": -2.132431472997035,
        "l": 6.416396775060313
    },
    "l_opt": {
        "E": -2.132431472997035,
        "l": 6.411197347323287,
        "eigvals": [
            -1.4661589589602486,
            -1.2867775935310803,
            -1.1492419229400601,
            -1.046258624846789
        ]
    },
    "HF": {
        "E": -2.0978888970868015,
        "l": 5.915467080826518
    },
    "B3LYP": {
        "E": -2.11282173186978,
        "l": 6.117320003608655
    },
    "sto-3G": {
        "E": -2.029070493591961,
        "l": 6.7259838482058525
    },
    "ccpVDZ": {
        "E": -2.15145426679449
    },
    "proj": [
        [
            0.7398981352979248,
            0.5612309543234066,
            -9.038606454229232e-17,
            -0.031223253508753584,
            -1.1767674946413314e-16,
            -0.09196344697808682,
            0.12463935348759334,
            2.848599911283503e-17,
            -0.10639016808548046,
            -2.7142874516881394e-17,
            0.030755529449586257,
            -0.0031872696894851087,
            -5.3068059129489023e-17,
            0.024935313450265607,
            8.432651211608624e-18,
            0.012652009863334781,
            0.011200051787306627,
            2.350659294429099e-17,
            -0.007893101272181421,
            2.65545778176855e-17
        ],
        [
            0.5612309543234066,
            0.4749815093189351,
            -1.0317058813436405e-16,
            0.0070482623356623334,
            -3.106696315313599e-17,
            0.12141386475470632,
            0.2230858356417008,
            5.838568906489618e-17,
            -0.0890234812221466,
            -1.583015212524037e-17,
            -0.01894418649940741,
            0.004688163497531292,
            -5.0147242044604444e-17,
            -0.011456426487930573,
            -9.113826893715301e-18,
            0.011202287917579094,
            -0.008807099367128184,
            2.7628689811650064e-17,
            0.004266549361855796,
            1.3761869358030739e-17
        ],
        [
            -9.038606454229235e-17,
            -1.0317058813436406e-16,
            4.948880691617863e-32,
            -1.7053355528006274e-17,
            -3.409858854971408e-32,
            -1.2517337388324569e-16,
            -1.1703615622840025e-16,
            9.102461210783616e-33,
            1.073187683983466e-17,
            -1.7643237726725008e-32,
            -1.86458304151063e-17,
            -1.2742463012771089e-17,
            1.382841370716957e-32,
            3.288520927061251e-17,
            1.4102478447349582e-32,
            9.412536231371605e-17,
            7.640220567189151e-17,
            -2.4978721879467233e-33,
            2.8311685185569782e-18,
            5.1941449656329966e-33
        ],
        [
            -0.031223253508753577,
            0.007048262335662341,
            -1.705335552800627e-17,
            0.020603119405929033,
            3.8730996498745515e-17,
            0.12433095670571297,
            0.07658921620085886,
            2.3349844524819998e-17,
            -4.800460940158726e-05,
            3.430905507804722e-18,
            -0.02294562972590704,
            0.010029569105261801,
            -4.78475554830803e-18,
            -0.019023935868076405,
            -1.0281614985054625e-17,
            0.007894174870742343,
            -0.004265452927321475,
            5.4628025547935145e-18,
            0.0061758450421842215,
            -5.127205712066564e-18
        ],
        [
            -1.1767674946413314e-16,
            -3.106696315313599e-17,
            -3.4098588549714073e-32,
            3.873099649874552e-17,
            1.4776302364546104e-31,
            2.06743673156557e-16,
            7.882185124595194e-17,
            2.716956180517959e-32,
            -1.652571263090416e-17,
            1.3806273751569601e-32,
            -2.1408119083115433e-16,
            -1.4090520394664407e-16,
            1.9461101613616287e-32,
            -5.3659651648353385e-17,
            -9.669051671939192e-33,
            -1.178623103572064e-16,
            -1.5356390332740745e-16,
            4.598211046783838e-33,
            3.5078497119571515e-17,
            -7.894895959566818e-33
        ],
        [
            -0.09196344697808682,
            0.12141386475470635,
            -1.2517337388324569e-16,
            0.12433095670571298,
            2.06743673156557e-16,
            0.7749811522236953,
            0.5216957320391656,
            1.278523418827435e-16,
            -0.0005366912128568908,
            2.7951719192517665e-17,
            -0.047725292676215496,
            0.12460914258748533,
            -4.6033053803226175e-17,
            -0.11942591053783787,
            -6.945397986095873e-17,
            0.030758373823412295,
            -0.018936022441083108,
            3.3589830330800717e-17,
            0.02294276629185078,
            -3.235779102720487e-17
        ],
        [
            0.12463935348759334,
            0.2230858356417008,
            -1.1703615622840025e-16,
            0.07658921620085886,
            7.882185124595194e-17,
            0.5216957320391655,
            0.4283812069991902,
            6.003214441903579e-17,
            -0.0034967797146308187,
            2.8107206469698545e-17,
            0.12463818072192179,
            0.1873810983317136,
            -5.926503292900668e-17,
            -0.08061404543100666,
            -5.544504688783154e-17,
            -0.0031917357178777215,
            0.004695703105364509,
            2.290653648730026e-17,
            -0.010036149555674608,
            -2.1719058509675283e-17
        ],
        [
            2.848599911283503e-17,
            5.838568906489619e-17,
            9.102461210783616e-33,
            2.3349844524819998e-17,
            2.716956180517959e-32,
            1.278523418827435e-16,
            6.003214441903579e-17,
            1.3435530445660613e-31,
            -3.678564140177956e-17,
            -4.625389658475466e-32,
            -1.8055639807057804e-16,
            -4.1375020913742045e-17,
            -4.719416521661718e-33,
            1.7015990230623635e-17,
            2.2089732665590403e-33,
            2.5432033956369365e-16,
            1.5060362981816649e-16,
            2.804247578556546e-32,
            3.620861880981393e-17,
            7.960749833014766e-33
        ],
        [
            -0.10639016808548046,
            -0.08902348122214661,
            1.073187683983466e-17,
            -4.800460940158653e-05,
            -1.6525712630904163e-17,
            -0.000536691212856897,
            -0.003496779714630819,
            -3.6785641401779554e-17,
            0.03527566907960067,
            1.5992999779661644e-17,
            0.11945068448229247,
            0.08062969808409393,
            -2.3267059928957863e-18,
            -0.0038574102876461945,
            -7.127218185408235e-18,
            -0.0249406655202012,
            0.011458536928624904,
            -9.529603794163888e-18,
            -0.01902800243031759,
            -7.990702679930239e-18
        ],
        [
            -2.714287451688139e-17,
            -1.583015212524037e-17,
            -1.7643237726725008e-32,
            3.430905507804722e-18,
            1.380627375156961e-32,
            2.795171919251766e-17,
            2.810720646969855e-17,
            -4.6253896584754653e-32,
            1.5992999779661644e-17,
            2.3966406499583744e-32,
            6.858980082354322e-17,
            2.629905298908264e-17,
            -1.784214972982426e-33,
            -2.144514887610334e-17,
            -8.310110353618207e-33,
            -1.143949126902722e-16,
            -7.42863633577401e-17,
            -9.02482471103048e-33,
            -1.2669455462187482e-17,
            -7.117135745028141e-33
        ],
        [
            0.030755529449586223,
            -0.01894418649940741,
