{
    "E_opt": {
        "E": -2.08885330045013,
        "l": 6.176017911557969
    },
    "l_opt": {
        "E": -2.0888533004501317,
        "l": 6.128834966274344,
        "eigvals": [
            -1.3106728532501717,
            -1.2185620608055885,
            -1.1238286955000492,
            -1.0184254811296845
        ]
    },
    "HF": {
        "E": -2.0551291176612736,
        "l": 5.848034368820225
    },
    "B3LYP": {
        "E": -2.0738770002821765,
        "l": 6.003426659199347
    },
    "sto-3G": {
        "E": -1.967560309920372,
        "l": 6.437143981321327
    },
    "ccpVDZ": {
        "E": -2.1015289033135245
    },
    "proj": [
        [
            0.6790088816915583,
            0.5497212407062342,
            3.280421660303223e-17,
            -0.015221197541267944,
            -5.369990813736925e-17,
            -0.09426911218221916,
            0.0854282988440927,
            -3.157921300350109e-18,
            -0.07088523024918902,
            1.0686602446548921e-17,
            0.016152498132879653,
            -0.009201706639560972,
            9.897402722809332e-18,
            0.018056940916847928,
            1.3145572509338458e-17,
            0.02413575234219925,
            0.021653269275831458,
            2.9790740117938436e-18,
            -0.003599913269212434,
            2.3961056157875883e-17
        ],
        [
            0.5497212407062341,
            0.4842044710498231,
            -7.761376552760936e-18,
            0.006355432178740119,
            -4.425910027661931e-17,
            0.08603349258290949,
            0.189731399243136,
            1.1388580291011107e-17,
            -0.06357808831034593,
            1.4048559683886865e-17,
            -0.02906674269848086,
            -0.010379434961442386,
            4.397404406164557e-18,
            -0.0041690472508294895,
            8.325202049366194e-18,
            0.02163284536464813,
            0.003612227302971911,
            -4.658090764994445e-18,
            0.004017800990918747,
            1.4480456814014132e-17
        ],
        [
            3.280421660303224e-17,
            -7.76137655276094e-18,
            4.590286119368921e-32,
            -1.7577061016608102e-17,
            2.8823808382342544e-32,
            -1.490696638134829e-16,
            -1.001234695738259e-16,
            -1.8242769656252543e-32,
            3.72935786332735e-18,
            -5.9414725335768484e-33,
            4.696566498104421e-17,
            -1.3718437199548814e-17,
            5.324414127459333e-33,
            7.066509042628187e-18,
            2.7027721476800657e-33,
            -9.881909327443692e-17,
            -6.72670341810289e-17,
            9.409349378632862e-33,
            -7.963717225561172e-18,
            8.56829640504122e-33
        ],
        [
            -0.015221197541267944,
            0.00635543217874012,
            -1.7577061016608102e-17,
            0.009275791747309269,
            6.235065421052069e-19,
            0.08000251468000356,
            0.056279029803791104,
            6.647699714802197e-18,
            -0.0011529462979565936,
            2.205884332471068e-18,
            -0.01842168054236118,
            0.001232259026799723,
            -1.970478632377703e-18,
            -0.0090627888375135,
            -1.5670890825726809e-18,
            0.003589814315388402,
            -0.00402634289738784,
            -3.451111691582867e-18,
            0.0031865674186843003,
            -2.925681689359347e-18
        ],
        [
            -5.369990813736924e-17,
            -4.42591002766193e-17,
            2.8823808382342544e-32,
            6.235065421052058e-19,
            1.4736226888663272e-31,
            3.41777822962369e-17,
            6.270446649362952e-17,
            -3.8293112209113587e-32,
            3.4940906538477544e-17,
            -2.2376554088661634e-32,
            2.430184359727667e-16,
            1.4739585119399598e-16,
            5.90315290578246e-33,
            -2.646454924080416e-17,
            -1.6672270890881867e-32,
            -2.237389224792735e-16,
            -1.3304453488105712e-16,
            1.5050218160160078e-32,
            -2.806034540481025e-17,
            1.0595329967033804e-32
        ],
        [
            -0.09426911218221916,
            0.08603349258290949,
            -1.490696638134829e-16,
            0.08000251468000356,
            3.41777822962369e-17,
            0.7023588470404499,
            0.5189937535304154,
            4.7587828538370186e-17,
            -0.00456225503780675,
            1.3154374422584954e-17,
            -0.07728328084012674,
            0.0734112925561994,
            -1.5271436405369492e-17,
            -0.08028234514992116,
            -1.8571078321908405e-17,
            0.016061650350109178,
            -0.02913929623479099,
            -2.6349291896748578e-17,
            0.01841954036231,
            -2.162129699154453e-17
        ],
        [
            0.08542829884409273,
            0.1897313992431361,
            -1.0012346957382591e-16,
            0.056279029803791104,
            6.270446649362951e-17,
            0.5189937535304153,
            0.44380572659758805,
            1.9016569783868367e-17,
            -0.004973492595148662,
            1.9338398097448293e-18,
            0.07345304946474035,
            0.15024300058624557,
            -7.037534447651763e-18,
            -0.05951486377512544,
            -1.9598544404096516e-17,
            -0.009273844540386305,
            -0.010427721703328644,
            -1.3452549207416391e-17,
            -0.001238599592605982,
            -6.710646408777771e-18
        ],
        [
            -3.1579213003501104e-18,
            1.1388580291011107e-17,
            -1.8242769656252543e-32,
            6.6476997148021976e-18,
            -3.8293112209113587e-32,
            4.7587828538370186e-17,
            1.901656978386837e-17,
            1.593630482390689e-32,
            -1.1084549160863513e-17,
            8.485257767382756e-33,
            -9.342866111119225e-17,
            -5.4769582218140345e-17,
            -3.0230560756332163e-33,
            -1.462930590542096e-18,
            4.3535211728763244e-33,
            4.438728606014153e-17,
            1.405183711683375e-17,
            -6.637958226358185e-33,
            1.1364908193026237e-17,
            -5.041654235578577e-33
        ],
        [
            -0.07088523024918902,
            -0.06357808831034593,
            3.72935786332735e-18,
            -0.0011529462979565932,
            3.4940906538477544e-17,
            -0.004562255037806747,
            -0.004973492595148656,
            -1.1084549160863513e-17,
            0.017046276783583076,
            -8.052036587215543e-18,
            0.08028543928625434,
            0.059517495426880104,
            7.354477586377053e-19,
            -0.001235796357585654,
            -6.2321517212151835e-18,
            -0.01805652787772405,
            0.004170036383227926,
            4.007515014174735e-18,
            -0.009063123751325071,
            5.446854703346695e-19
        ],
        [
            1.0686602446548921e-17,
            1.4048559683886868e-17,
            -5.9414725335768484e-33,
            2.2058843324710685e-18,
            -2.237655408866163e-32,
            1.3154374422584953e-17,
            1.9338398097448297e-18,
            8.485257767382756e-33,
            -8.052036587215543e-18,
            5.200500122860023e-33,
            -5.81953211972399e-17,
            -4.030522752463321e-17,
            -1.2360004489195349e-33,
            -3.1326970947448874e-19,
            3.5154399470277136e-33,
            1.4862156671571507e-17,
            -1.5342890752298695e-18,
            -3.264013611991905e-33,
            6.7560861040214875e-18,
            -1.990968581103534e-33
        ],
        [
            0.016152498132879677,
            -0.029066742698480846,
            4.696566498104421e-17,
