{
    "E_opt": {
        "E": -2.0553768723852635,
        "l": 6.011555514424228
    },
    "l_opt": {
        "E": -2.055376872385259,
        "l": 5.937539273216541,
        "eigvals": [
            -1.216336904202703,
            -1.1426668074174948,
            -1.069794871835037,
            -1.0023903195433006
        ]
    },
    "HF": {
        "E": -2.021261208803814,
        "l": 5.786668416516495
    },
    "B3LYP": {
        "E": -2.0435738272991824,
        "l": 5.9698353101954185
    },
    "sto-3G": {
        "E": -1.9244306381367224,
        "l": 6.234240148153559
    },
    "ccpVDZ": {
        "E": -2.0630751836878236
    },
    "proj": [
        [
            0.6254699103804013,
            0.5313909446303953,
            8.172783956135428e-19,
            -0.007731114740344049,
            -2.6841771058021033e-17,
            -0.0871040817185748,
            0.059103465113462116,
            1.9219033166249277e-18,
            -0.045845391772171847,
            2.7507988279508794e-17,
            0.01592323182641922,
            -0.006234497512847902,
            -5.492210809088858e-18,
            0.010868005593448991,
            -3.0629133895819854e-17,
            0.015485902513559248,
            0.016159648936334467,
            2.825569921131367e-17,
            -0.0023942591826306256,
            2.3161912439726307e-17
        ],
        [
            0.5313909446303953,
            0.4802156242232366,
            -5.141893381024303e-18,
            0.004266725385589508,
            -3.122474896106775e-17,
            0.059573549732678296,
            0.1574080339768088,
            8.896354371043536e-18,
            -0.042638046301402686,
            3.0587831418231624e-17,
            -0.019712877344807762,
            -0.010133121365232646,
            -1.4702285256610994e-17,
            -0.0017935902011127446,
            -2.2195487688565608e-17,
            0.01615502315146822,
            0.005634900827460588,
            2.4219320583491185e-17,
            0.0018516505417178304,
            1.2041486094738014e-17
        ],
        [
            8.172783956135439e-19,
            -5.141893381024303e-18,
            6.856027508167823e-33,
            -2.150755664848728e-18,
            7.753476489851605e-33,
            -1.9391776951754225e-17,
            -5.04553339900731e-18,
            2.0992554261575393e-33,
            5.494935132839964e-18,
            -3.423208772457737e-33,
            6.533712141286211e-17,
            5.0283918762787753e-17,
            -3.992383248763551e-33,
            1.4640405529586442e-18,
            2.9113965747164787e-33,
            -7.815074991440646e-18,
            7.283879816826133e-18,
            1.7285935287143947e-33,
            -5.338224509558004e-18,
            6.706830506698677e-33
        ],
        [
            -0.007731114740344055,
            0.00426672538558951,
            -2.150755664848728e-18,
            0.004182912222686584,
            -3.3856059830453697e-18,
            0.051528218114279906,
            0.03984133377653009,
            2.6507922237112266e-18,
            -0.0007815446567285177,
            2.429952658001108e-18,
            -0.012140824881505728,
            -0.0009312167109118851,
            -3.802144269230204e-18,
            -0.0041842365128482144,
            1.780389041553068e-18,
            0.002392087964649929,
            -0.001853522004600074,
            -2.15869705200055e-19,
            0.001450820296698393,
            -3.094375768284184e-18
        ],
        [
            -2.6841771058021033e-17,
            -3.1224748961067735e-17,
            7.753476489851603e-33,
            -3.3856059830453693e-18,
            1.0726972472376165e-31,
            -3.2586187833318125e-17,
            -1.7011054550422305e-17,
            1.7534775110064077e-32,
            9.479911390238482e-18,
            -1.6764709593541263e-32,
            7.556669114240205e-17,
            5.849865947194122e-18,
            8.507014967289572e-34,
            -1.6242678350997225e-17,
            1.6785588107202078e-32,
            -2.5377924004513995e-16,
            -2.0637766153648506e-16,
            -5.0038103653230274e-33,
            -6.540792920480131e-18,
            4.081580303440914e-33
        ],
        [
            -0.08710408171857481,
            0.059573549732678296,
            -1.9391776951754225e-17,
            0.051528218114279906,
            -3.258618783331813e-17,
            0.6438279565237994,
            0.512797073701803,
            3.74919849007367e-17,
            -0.004183294380827582,
            2.7597362455902572e-17,
            -0.07592856015691303,
            0.049347701666948324,
            -5.4419846324199057e-17,
            -0.052781789357766465,
            2.6467114774032326e-17,
            0.015899438978450173,
            -0.01973047658677065,
            -2.22329163061301e-19,
            0.012139740905621694,
            -3.1465285385586855e-17
        ],
        [
            0.05910346511346212,
            0.1574080339768088,
            -5.0455333990073095e-18,
            0.0398413337765301,
            -1.7011054550422314e-17,
            0.512797073701803,
            0.45403313035062237,
            3.7587307723764576e-17,
            -0.003994840905089355,
            2.376343564294517e-17,
            0.049371477309131655,
            0.12650644688816495,
            -5.564239990372304e-17,
            -0.04222401863932771,
            2.2190323659376994e-17,
            -0.006248647744775668,
            -0.010137902587063529,
            8.6095903293275e-18,
            0.000928374336496806,
            -1.1216265590616979e-17
        ],
        [
            1.9219033166249246e-18,
            8.896354371043538e-18,
            2.0992554261575393e-33,
            2.6507922237112266e-18,
            1.7534775110064077e-32,
            3.74919849007367e-17,
            3.7587307723764576e-17,
            6.697659301159412e-33,
            2.1638608991313727e-18,
            -1.2049917004034505e-33,
            2.914726368354945e-17,
            2.183412839725914e-17,
            -5.667831920570822e-33,
            -6.224337313024679e-18,
            5.2841659093365696e-33,
            -4.380637359579147e-17,
            -3.353337355851838e-17,
            3.177459576783268e-34,
            -1.9923993320577172e-18,
            9.352438509379919e-34
        ],
        [
            -0.045845391772171847,
            -0.042638046301402686,
            5.494935132839964e-18,
            -0.0007815446567285179,
            9.479911390238482e-18,
            -0.0041832943808275845,
            -0.003994840905089357,
            2.1638608991313723e-18,
            0.007924064329205548,
            -4.781640439724179e-18,
            0.05278919869276057,
            0.04223139799765185,
            -3.3601034600617348e-18,
            -0.00028951512278120226,
            5.080031465058503e-18,
            -0.010865395174906674,
            0.0017974182164236538,
            -7.014742096318779e-19,
            -0.0041847870316283255,
            3.592130290758039e-18
        ],
        [
            2.7507988279508794e-17,
            3.0587831418231624e-17,
            -3.423208772457737e-33,
            2.429952658001108e-18,
            -1.6764709593541263e-32,
            2.759736245590257e-17,
            2.376343564294517e-17,
            -1.2049917004034505e-33,
            -4.781640439724179e-18,
            5.044951516735702e-33,
            -2.8675691384784205e-17,
            -1.3147918111143967e-17,
            -1.1249665938253619e-33,
            1.0606695474178433e-19,
            -3.167068529581268e-33,
            3.2499550741201127e-17,
            2.1679095055438865e-17,
            1.3381697836490425e-33,
            2.542624290444592e-18,
            -2.3911432278032948e-33
        ],
        [
            0.015923231826419203,
            -0.019712877344807762,
