{
    "E_opt": {
        "E": -2.008529714271272,
        "l": 5.793128431408764
    },
    "l_opt": {
        "E": -2.008529714271272,
        "l": 5.658128751946405,
        "eigvals": [
            -1.0209608969190582,
            -0.981761416957934,
            -0.9498301912440257,
            -0.933317537323527
        ]
    },
    "HF": {
        "E": -1.971263354135114,
        "l": 5.57113218407599
    },
    "B3LYP": {
        "E": -2.0007647327938107,
        "l": 5.835368457186932
    },
    "sto-3G": {
        "E": -1.8746515824858965,
        "l": 5.785701483063023
    },
    "ccpVDZ": {
        "E": -2.0097252368980123
    },
    "proj": [
        [
            0.5251866441508226,
            0.47925765874904847,
            1.0257351814994358e-18,
            -0.0009684420809658773,
            -1.306897532829901e-17,
            -0.04849653605091096,
            0.021110769698097023,
            -1.2996236648033418e-17,
            -0.0124845789007638,
            9.093518386200215e-18,
            0.008331139400845431,
            0.0005410797357756426,
            3.5358270871003075e-17,
            0.0018173854906230154,
            2.840017203449403e-17,
            0.005285712895014031,
            0.006049440048126497,
            -1.107393805410573e-17,
            -0.0003814584201198871,
            -1.4643081383285824e-17
        ],
        [
            0.47925765874904847,
            0.4455207366260829,
            -3.871381163278652e-18,
            0.0007664890675116994,
            -2.3610192014237484e-17,
            0.021182109034460085,
            0.07801135264603651,
            -1.438975612961128e-17,
            -0.011840363140851119,
            8.856293246058415e-18,
            -0.0032565956809767114,
            -0.002305969952471283,
            3.0978606761013807e-17,
            -0.0001240457148196857,
            2.5111853324010503e-17,
            0.006048779159914977,
            0.004670664740178054,
            -1.0040588180782654e-17,
            5.6677007335988004e-05,
            -1.4487329608971152e-17
        ],
        [
            1.025735181499437e-18,
            -3.8713811632786544e-18,
            1.7479808978151104e-32,
            -9.925185652266935e-19,
            4.3816242777895024e-32,
            -4.069015563358494e-17,
            -3.8295038887493545e-17,
            1.1128675987826052e-32,
            -2.7896685239987425e-19,
            -4.7809804513449256e-33,
            -1.4719956315746673e-17,
            -2.811091228515076e-17,
            -2.7194761186942478e-33,
            -9.603710545617338e-19,
            -8.8350378914559e-34,
            -8.352024979782251e-17,
            -7.85969034982411e-17,
            -1.9445007995137114e-33,
            3.2231952979476946e-19,
            6.294349311013806e-33
        ],
        [
            -0.0009684420809658769,
            0.0007664890675116999,
            -9.925185652266931e-19,
            0.00033493428890505006,
            -2.3877359515168893e-18,
            0.01329441220454814,
            0.01180907935934566,
            -4.947857023303641e-19,
            -6.89603432435735e-05,
            9.996598261180105e-20,
            -0.00226398475393064,
            -0.0006007262901590955,
            -3.154927723065316e-19,
            -0.00035967186377937387,
            -2.1271714387658929e-19,
            0.0003813220517003733,
            -5.680282516075411e-05,
            3.607381386595057e-20,
            8.374076836277638e-05,
            -2.032790275487018e-19
        ],
        [
            -1.3068975328299017e-17,
            -2.361019201423749e-17,
            4.381624277789503e-32,
            -2.3877359515168893e-18,
            1.106662179245902e-31,
            -9.664337977082413e-17,
            -9.171672291605277e-17,
            2.752951307479933e-32,
            -8.974548165360888e-22,
            -1.1990544724456627e-32,
            -2.5000589762765414e-17,
            -5.965413832987186e-17,
            -8.697157294255034e-33,
            -2.6813877813496248e-18,
            -3.1387440658054736e-33,
            -2.1529220174966328e-16,
            -2.0107589456429282e-16,
            -4.565499901314793e-33,
            5.280903118609692e-19,
            1.5564459772555557e-32
        ],
        [
            -0.04849653605091097,
            0.021182109034460057,
            -4.069015563358493e-17,
            0.013294412204548139,
            -9.664337977082413e-17,
            0.5315061904115109,
            0.4756294237040385,
            -2.2788338127059087e-17,
            -0.0013182398958068383,
            5.190718129261758e-18,
            -0.04674643562990456,
            0.015250889517087285,
            -1.5129761874566245e-17,
            -0.014454458467841434,
            -8.913131349220826e-18,
            0.008325266522115042,
            -0.0032620702081411325,
            1.8367707297982623e-18,
            0.0022639960599688063,
            -1.049411955990788e-17
        ],
        [
            0.021110769698097064,
            0.07801135264603652,
            -3.8295038887493545e-17,
            0.011809079359345658,
            -9.171672291605277e-17,
            0.4756294237040385,
            0.43970058234362347,
            -2.6609576740754278e-17,
            -0.0011905197715393508,
            7.652128719101098e-18,
            0.015251162998250564,
            0.06474647961501545,
            -1.1695728976580037e-17,
            -0.012930360350165405,
            -4.399815999360542e-18,
            0.0005351721031593736,
            -0.0023114473498346473,
            5.608172423349097e-19,
            0.0006007312650145383,
            -1.4812364808738375e-17
        ],
        [
            -1.2996236648033416e-17,
            -1.4389756129611286e-17,
            1.1128675987826052e-32,
            -4.947857023303642e-19,
            2.752951307479933e-32,
            -2.2788338127059087e-17,
            -2.6609576740754278e-17,
            9.339425730146108e-33,
            -7.166195287245921e-19,
            -4.0757000242310765e-33,
            -4.084016343892811e-17,
            -4.528702639491941e-17,
            -1.172389854633725e-33,
            -5.750044712165279e-19,
            -1.3425631861865593e-33,
            -4.48681845095898e-17,
            -4.626654943647123e-17,
            -1.0073460179180703e-33,
            9.922027388980957e-19,
            6.052460674588031e-33
        ],
        [
            -0.0124845789007638,
            -0.011840363140851119,
            -2.789668523998745e-19,
            -6.896034324357354e-05,
            -8.974548165366292e-22,
            -0.0013182398958068394,
            -0.0011905197715393516,
            -7.166195287245921e-19,
            0.0007037999223347015,
            2.3383384634916693e-19,
            0.014454196928762816,
            0.012930090537823957,
            -1.3725122196672898e-18,
            1.662189007689957e-05,
            -6.001568996590615e-19,
            -0.0018175154842204927,
            0.00012389484945640478,
            3.3418904579112895e-19,
            -0.0003596655658167697,
            -5.019071972359511e-19
        ],
        [
            9.093518386200215e-18,
            8.856293246058415e-18,
            -4.7809804513449256e-33,
            9.996598261180105e-20,
            -1.1990544724456625e-32,
            5.190718129261757e-18,
            7.652128719101098e-18,
            -4.0757000242310765e-33,
            2.338338463491669e-19,
            1.8453720564907622e-33,
            1.7636857136008507e-17,
            1.9294135625384705e-17,
            9.617230038121694e-34,
            4.2735015016643595e-19,
            8.508979567584065e-34,
            2.1413171847356673e-17,
            2.1905901216551317e-17,
            3.947756067994759e-34,
            -4.395565066087616e-19,
            -2.6879982939098774e-33
        ],
        [
