{
    "E_opt": {
        "E": -2.0056065810586543,
        "l": 5.75602187563081
    },
    "l_opt": {
        "E": -2.0056065810586543,
        "l": 5.620219617360798,
        "eigvals": [
            -0.9975084716650113,
            -0.9619630935740957,
            -0.9339726205154146,
            -0.9215532243754693
        ]
    },
    "HF": {
        "E": -1.9680119419909272,
        "l": 5.5364024052510254
    },
    "B3LYP": {
        "E": -1.9980120561755736,
        "l": 5.813029170110623
    },
    "sto-3G": {
        "E": -1.8722159944241143,
        "l": 5.732234367811366
    },
    "ccpVDZ": {
        "E": -2.0064606670871097
    },
    "proj": [
        [
            0.5140733177194594,
            0.4715412995325999,
            2.191729293166619e-17,
            -0.0006649481146899634,
            -3.9957585534819995e-17,
            -0.042655356821761026,
            0.01805723810215467,
            3.447868444496453e-17,
            -0.010102527200857568,
            -1.2472186080660494e-17,
            0.007319081485040668,
            0.0010891160761940012,
            -4.376925733852421e-18,
            0.0013123964316489607,
            2.5287226827506285e-18,
            0.004510323463945601,
            0.005114378574202099,
            1.7037387467022327e-17,
            -0.0002682662358088418,
            -1.1695752299786347e-17
        ],
        [
            0.4715412995325999,
            0.43890695212953074,
            1.6799724602476963e-17,
            0.0005722806509111105,
            -2.6473889373184015e-17,
            0.01808521472478042,
            0.06835075003003904,
            3.536049247697388e-17,
            -0.009564606686497983,
            -1.271840899390647e-17,
            -0.0019333173593218897,
            -0.0013297126918018476,
            -3.478719967555318e-18,
            -8.585744743947276e-05,
            2.850165046300521e-18,
            0.005115237357354071,
            0.004187767915731097,
            1.4345022878771115e-17,
            1.7408966367986948e-05,
            -8.823906734929915e-18
        ],
        [
            2.191729293166619e-17,
            1.6799724602476966e-17,
            9.627208752072766e-33,
            -6.378285229935572e-19,
            -2.68034763308169e-32,
            -2.779851890400608e-17,
            -1.8080430832363594e-17,
            4.37136654728841e-33,
            8.123938006421731e-19,
            7.518106587465862e-33,
            5.3844684613163126e-17,
            5.0008859226098116e-17,
            -3.0466983050003482e-33,
            1.3283725278169551e-18,
            -6.035821423212754e-34,
            2.94949824035131e-17,
            3.3479528525291414e-17,
            -6.529369148382417e-34,
            -1.1571986163038127e-18,
            -1.8739124113084773e-33
        ],
        [
            -0.0006649481146899632,
            0.0005722806509111106,
            -6.378285229935572e-19,
            0.00021998459389361433,
            1.9464877382840672e-18,
            0.010656552802692704,
            0.00956948778963137,
            6.507495531238144e-19,
            -4.2906481247460053e-05,
            -2.1365959000808286e-19,
            -0.00164382832623535,
            -0.0004521954495129287,
            9.963537812441309e-20,
            -0.00023886182953967967,
            9.381788621725734e-20,
            0.0002684224948873346,
            -1.7264638634102838e-05,
            -2.555859191036345e-19,
            4.978653988790158e-05,
            3.643741839554869e-19
        ],
        [
            -3.9957585534819995e-17,
            -2.6473889373184015e-17,
            -2.68034763308169e-32,
            1.9464877382840672e-18,
            9.24200063038204e-32,
            8.074353178928762e-17,
            5.002453326422345e-17,
            -9.247911367951426e-33,
            -3.995832163874878e-18,
            -1.80506922893668e-32,
            -2.0592022699910792e-16,
            -1.8179479385634813e-16,
            4.229670760030277e-33,
            -2.2713936482713404e-18,
            8.118143312130628e-34,
            -2.9599792777178414e-18,
            -2.6081979170059192e-17,
            7.478811941894303e-33,
            4.3356947531311005e-18,
            1.547009960862563e-33
        ],
        [
            -0.04265535682176099,
            0.018085214724780398,
            -2.779851890400608e-17,
            0.010656552802692704,
            8.074353178928762e-17,
            0.5193058532037016,
            0.468934581439974,
            3.2915269069536166e-17,
            -0.0010121046669179573,
            -7.389126392246257e-18,
            -0.04164740680025403,
            0.012746068094125264,
            4.7102060644195586e-18,
            -0.011692144834682781,
            4.544511891261282e-18,
            0.007326190564753311,
            -0.0019268631686922468,
            -1.5034807037987394e-17,
            0.0016438491758596094,
            1.8571989995054993e-17
        ],
        [
            0.018057238102154663,
            0.06835075003003901,
            -1.808043083236359e-17,
            0.00956948778963137,
            5.002453326422345e-17,
            0.4689345814399741,
            0.4345562184965659,
            3.643834486542519e-17,
            -0.0009106684346701467,
            -4.415698270881118e-18,
            0.012743755918603343,
            0.056993982877767184,
            3.4418588941380233e-18,
            -0.010552590393843564,
            4.4483301298990155e-18,
            0.0010949146220059196,
            -0.0013247248671342754,
            -1.472458382758618e-17,
            0.00045226342112722804,
            1.639237916988832e-17
        ],
        [
            3.4478684444964534e-17,
            3.536049247697388e-17,
            4.3713665472884106e-33,
            6.507495531238143e-19,
            -9.247911367951428e-33,
            3.2915269069536166e-17,
            3.643834486542519e-17,
            7.935601609150718e-33,
            -1.8524637103013145e-19,
            3.821178487962103e-33,
            2.5642753412227694e-17,
            2.9634372435585164e-17,
            -2.0785068864990053e-33,
            -1.3268773629199345e-19,
            1.0019036462010192e-34,
            2.7326021026060573e-17,
            2.787026294937105e-17,
            -6.603771474841464e-34,
            -4.887689312172666e-19,
            -1.9164588514017754e-34
        ],
        [
            -0.010102527200857567,
            -0.009564606686497983,
            8.123938006421731e-19,
            -4.2906481247460053e-05,
            -3.995832163874878e-18,
            -0.0010121046669179568,
            -0.0009106684346701471,
            -1.8524637103013145e-19,
            0.0004700989726035732,
            1.1672884850920272e-18,
            0.011691925377382301,
            0.010552349789194686,
            -3.044991334389243e-20,
            1.251341726493158e-05,
            -6.450720146669104e-20,
            -0.0013125910048452584,
            8.565479482474257e-05,
            -9.588991396758612e-19,
            -0.00023885751627070133,
            3.339938969635664e-19
        ],
        [
            -1.2472186080660496e-17,
            -1.271840899390647e-17,
            7.518106587465862e-33,
            -2.1365959000808296e-19,
            -1.8050692289366804e-32,
            -7.389126392246257e-18,
            -4.4156982708811204e-18,
            3.821178487962101e-33,
            1.1672884850920274e-18,
            9.332276765241579e-33,
            4.099396405351316e-17,
            4.2600473233777127e-17,
            -3.760815353420895e-33,
            1.2493255116471661e-18,
            -8.870278506758206e-34,
            5.045939648736619e-17,
            5.133787658874947e-17,
            -1.1145700603265748e-33,
            -8.689164457121206e-19,
            -1.346167330108035e-33
        ],
        [
            0.007319081485040659,
