{
    "E_opt": {
        "E": -2.0212891617690176,
        "l": 9.908468952189438
    },
    "l_opt": {
        "E": -2.021289161768989,
        "l": 9.769484069174899,
        "eigvals": [
            -2.5515155683424524,
            -1.8830182481715263,
            -1.3602607571511904,
            -0.7320316378914571
        ]
    },
    "HF": {
        "E": -1.9955830829084813,
        "l": 6.177357524059607
    },
    "B3LYP": {
        "E": -1.9963462247819161,
        "l": 6.321352292607983
    },
    "sto-3G": {
        "E": -1.9601936448939248,
        "l": 12.01863485218566
    },
    "ccpVDZ": {
        "E": -2.065390302822635
    },
    "proj": [
        [
            0.8587876554337128,
            0.5854953379667606,
            2.4706197009081732e-17,
            -0.11016714909285567,
            7.461111489185612e-17,
            0.47091016953006065,
            0.38152394834065095,
            -2.471314722602704e-17,
            -0.4093443196000666,
            1.5023398573160777e-16,
            0.18205615316248847,
            0.146889368318405,
            -3.1612419267158923e-17,
            -0.14351727938574274,
            -6.600000185049909e-17,
            0.07818516252671628,
            -0.006681243004605659,
            1.0025103786053689e-17,
            -0.05196503019739444,
            2.7316473273833434e-17
        ],
        [
            0.5854953379667606,
            0.41290989312005355,
            -1.6482623855838982e-17,
            -0.09442076753315135,
            7.286045137876587e-17,
            0.3088330708241466,
            0.2635516899188299,
            4.7140151645094634e-17,
            -0.244203043994828,
            5.581722248763608e-17,
            0.14911204373292733,
            0.07910878745949253,
            -2.99207989206823e-17,
            -0.11939010972739456,
            -1.1828877423896752e-17,
            -0.006658900346554847,
            -0.05167625161211365,
            2.779679888893302e-17,
            -0.10002981470747,
            2.593379593116679e-18
        ],
        [
            2.4706197009081748e-17,
            -1.648262385583897e-17,
            1.4861790940791218e-31,
            1.9200645286943311e-16,
            -6.742203875117258e-32,
            2.016156266478023e-16,
            2.1398683176078e-17,
            -5.54709418023619e-32,
            -7.781041612866884e-17,
            -1.5791830942702248e-32,
            -3.333294453225546e-17,
            6.09591226750861e-17,
            -4.6455422017791673e-32,
            -1.2804332099468396e-16,
            -8.418299570375945e-32,
            6.590273992102554e-17,
            7.950516291929996e-17,
            -3.2433737138216735e-32,
            1.1753897740281125e-16,
            2.0044362874123772e-32
        ],
        [
            -0.11016714909285563,
            -0.09442076753315135,
            1.9200645286943314e-16,
            0.42068207259231744,
            -8.332472516040689e-17,
            0.3974974102388123,
            0.03629930355847509,
            1.5055863292179885e-16,
            0.15968459817405645,
            -2.8484146475471996e-16,
            0.18135214243797207,
            0.11499350118000119,
            -1.176637826434829e-16,
            -0.304298885290815,
            -4.657897922131478e-18,
            0.05185984413869915,
            0.09993447848817306,
            1.2501666926302512e-17,
            -0.054871039158574525,
            -1.721125658962468e-17
        ],
        [
            7.461111489185612e-17,
            7.286045137876588e-17,
            -6.742203875117259e-32,
            -8.332472516040689e-17,
            4.656018478272301e-32,
            -2.922506687738694e-17,
            2.7517519098064378e-17,
            7.395437605959239e-32,
            1.3820011311716018e-19,
            -2.4406279894741123e-32,
            2.4534412631116206e-17,
            -3.474975551010476e-17,
            -1.8771483881365055e-33,
            -9.352172864960431e-18,
            4.2708074921985384e-32,
            -9.097374221839572e-17,
            -8.251842699275394e-17,
            2.9619138964935515e-32,
            -8.945464065638214e-17,
            -1.9520312610025938e-32
        ],
        [
            0.47091016953006065,
            0.3088330708241466,
            2.0161562664780232e-16,
            0.3974974102388123,
            -2.9225066877386936e-17,
            0.8022903559523341,
            0.3359485862227301,
            1.9347662241445263e-16,
            -0.009019649610095215,
            -2.5504030931600104e-16,
            0.4659164616030158,
            0.27401946956791307,
            -1.4404647710251773e-16,
            -0.411175800896455,
            -3.952293467557443e-18,
            0.18195864662823136,
            0.14899866844978982,
            3.5231802110886695e-17,
            -0.18147809608541748,
            -4.506254999752617e-18
        ],
        [
            0.38152394834065095,
            0.2635516899188299,
            2.139868317607799e-17,
            0.03629930355847509,
            2.751751909806438e-17,
            0.3359485862227301,
            0.22156898626150054,
            4.745086594101491e-17,
            -0.058978931161916444,
            -1.6741570573879104e-17,
            0.2741147437436808,
            0.148326792574208,
            -2.30536934242316e-17,
            -0.08372594468804277,
            1.3989152438350405e-17,
            0.14688701123049175,
            0.0790863721767187,
            1.7758352227875866e-17,
            -0.11509876144463421,
            9.42209421475167e-18
        ],
        [
            -2.471314722602705e-17,
            4.7140151645094634e-17,
            -5.547094180236191e-32,
            1.5055863292179885e-16,
            7.395437605959239e-32,
            1.9347662241445263e-16,
            4.745086594101491e-17,
            4.537843076668451e-31,
            2.3591975225021926e-16,
            -4.317351083183985e-31,
            2.0041070203759082e-16,
            -6.67233845181693e-17,
            -1.3316452688226124e-31,
            -3.494359442059652e-16,
            1.6471165056867714e-31,
            -3.575433636114538e-16,
            -2.3901071387482386e-16,
            1.2545272502933313e-31,
            -3.761951297784312e-16,
            -1.0276259122243271e-31
        ],
        [
            -0.4093443196000666,
            -0.244203043994828,
            -7.781041612866885e-17,
            0.15968459817405645,
            1.3820011311716073e-19,
            -0.009019649610095219,
            -0.05897893116191643,
            2.359197522502192e-16,
            0.5470455968415492,
            -3.0869074481148917e-16,
            0.41136186014097675,
            0.08377674935674423,
            2.882283645711178e-18,
            0.04726008406711513,
            1.993429191884646e-16,
            0.1435683369284244,
            0.11941279631476891,
            6.052588868822686e-17,
            -0.304435235909988,
            -4.304676411949642e-17
        ],
        [
            1.5023398573160777e-16,
            5.581722248763608e-17,
            -1.5791830942702246e-32,
            -2.8484146475471996e-16,
            -2.4406279894741123e-32,
            -2.5504030931600104e-16,
            -1.6741570573879107e-17,
            -4.317351083183985e-31,
            -3.086907448114892e-16,
            4.7490151449546745e-31,
            -2.32614026053159e-16,
            2.0571544123404545e-17,
            1.449980371577498e-31,
            3.718233720256627e-16,
            -1.471545626281148e-31,
            2.668766803951854e-16,
            1.4966941409431151e-16,
            -1.0762199730191125e-31,
            3.340144684299485e-16,
            9.305309480866769e-32
        ],
        [
            0.18205615316248852,
            0.14911204373292739,
            -3.3332944532255456e-17,
            0.18135214243797212,
