{
    "E_opt": {
        "E": -2.2086633464434304,
        "l": 7.910747768084651
    },
    "l_opt": {
        "E": -2.2086633464434358,
        "l": 7.798929933001297,
        "eigvals": [
            -2.1311530783664563,
            -1.6917191067020976,
            -1.3371428667114684,
            -0.8372620818741277
        ]
    },
    "HF": {
        "E": -2.178185719091529,
        "l": 6.202469539524156
    },
    "B3LYP": {
        "E": -2.180794579003591,
        "l": 6.334798819385739
    },
    "sto-3G": {
        "E": -2.1675605441340493,
        "l": 8.622472094075135
    },
    "ccpVDZ": {
        "E": -2.248844038324521
    },
    "proj": [
        [
            0.8750134252310716,
            0.5817631459227605,
            2.3231951220242193e-16,
            -0.14538795012201008,
            1.1584269402674368e-16,
            0.21145344250983253,
            0.3365277288362425,
            -3.420095399319022e-17,
            -0.35280795833662165,
            3.7004582545826236e-18,
            0.06914077888040014,
            0.08364351318400301,
            -1.377197497161703e-17,
            -0.008359317343473536,
            3.101166174148234e-17,
            0.04540406201602734,
            -0.01946439464846581,
            1.5169301333331733e-17,
            -0.014085653662056243,
            -9.6684868058682e-18
        ],
        [
            0.5817631459227605,
            0.4138288944242083,
            9.430419099901103e-17,
            -0.025582514985007236,
            4.739400358750644e-17,
            0.27554454594677946,
            0.27556629288340817,
            -2.369321560765415e-17,
            -0.2198055386720936,
            1.2483011000408997e-18,
            0.07270147101558183,
            0.0745256055096392,
            -1.9658727517202113e-17,
            -0.09373767612793976,
            9.51558132267575e-18,
            -0.01948360458279137,
            -0.03957674323929856,
            2.1685816948258587e-17,
            -0.026984081903115992,
            2.786169243756038e-18
        ],
        [
            2.3231951220242193e-16,
            9.430419099901104e-17,
            2.808859353298964e-31,
            -2.1850565867158046e-16,
            9.295743269647182e-32,
            -2.454205804688295e-16,
            1.6558535924224916e-17,
            -1.4830614800364435e-31,
            -3.0770992637976163e-18,
            3.9294066885113784e-32,
            2.0493154390193548e-16,
            6.411811991236757e-17,
            -2.3549047984316147e-32,
            1.9574839687568943e-16,
            1.6131194492458116e-32,
            1.1312199844819502e-16,
            9.138173958346924e-17,
            -2.1365992649865713e-32,
            -1.019358809884057e-16,
            7.432079478659442e-33
        ],
        [
            -0.14538795012201008,
            -0.025582514985007233,
            -2.1850565867158046e-16,
            0.24530775429155643,
            -7.906166505551768e-17,
            0.378688556606177,
            0.10135301450016675,
            7.966575649955985e-17,
            0.07891463079751457,
            -2.060608713352284e-17,
            0.05061521960731885,
            0.08660904457562599,
            -1.2762200945149363e-17,
            -0.19414629772568162,
            -3.0460710021462805e-17,
            0.014013820985995021,
            0.026930882985882535,
            3.477949291905961e-17,
            0.009944775284674159,
            1.4984116726694104e-17
        ],
        [
            1.1584269402674365e-16,
            4.7394003587506436e-17,
            9.295743269647182e-32,
            -7.906166505551768e-17,
            5.816660341613041e-32,
            -8.485156732400383e-17,
            4.907410595049972e-18,
            2.679065892661385e-32,
            -6.054659915642947e-17,
            -4.338614852503979e-33,
            1.6480871431674037e-18,
            2.9713622616821217e-17,
            1.248310166805443e-32,
            1.1733768695957587e-16,
            1.6764185077024051e-32,
            1.500898543517837e-16,
            8.65061536124872e-17,
            -6.60351649666276e-33,
            3.469287821698135e-17,
            -1.4536653994200338e-32
        ],
        [
            0.21145344250983247,
            0.27554454594677946,
            -2.454205804688295e-16,
            0.378688556606177,
            -8.485156732400382e-17,
            0.8446395686846693,
            0.40443241530585766,
            7.175848469517805e-17,
            0.01300018902212154,
            -2.147742073719515e-17,
            0.2578054179713064,
            0.260792415322979,
            -5.196261777634272e-17,
            -0.3671632237729578,
            -4.849308725668848e-17,
            0.06899673770987418,
            0.07260514117650817,
            7.567408092714442e-17,
            -0.05065781646636317,
            3.6919561649802444e-17
        ],
        [
            0.3365277288362425,
            0.2755662928834082,
            1.655853592422492e-17,
            0.10135301450016675,
            4.907410595049975e-18,
            0.40443241530585766,
            0.2852551512346923,
            -4.0506106775371104e-17,
            -0.03156690602226757,
            8.26804203976437e-18,
            0.26083199821221503,
            0.1902929721770294,
            -4.5268421092469945e-17,
            -0.13060947746797852,
            -1.8168864784502305e-17,
            0.08357595497178069,
            0.07448463757352765,
            3.5936483490814354e-17,
            -0.08664897929912302,
            2.5724573883418357e-17
        ],
        [
            -3.420095399319021e-17,
            -2.369321560765415e-17,
            -1.4830614800364435e-31,
            7.966575649955983e-17,
            2.679065892661386e-32,
            7.175848469517803e-17,
            -4.05061067753711e-17,
            2.924412602185195e-31,
            -1.7292404197768013e-16,
            -6.996474871313993e-32,
            -3.3430519475937325e-16,
            -4.1359118691556427e-17,
            7.470953347328097e-32,
            5.226089078610816e-17,
            2.644571416663754e-32,
            2.2652381545542206e-16,
            8.53430789903776e-17,
            8.037429081818474e-33,
            2.553351991873544e-16,
            -5.478618868488127e-32
        ],
        [
            -0.3528079583366216,
            -0.2198055386720936,
            -3.0770992637975994e-18,
            0.07891463079751457,
            -6.054659915642948e-17,
            0.013000189022121522,
            -0.03156690602226757,
            -1.7292404197768015e-16,
            0.33465971656735694,
            4.5871590889449167e-17,
            0.36710726279561084,
            0.1305756441337606,
            -6.205152390854867e-17,
            -0.025676379523815403,
            -4.305195808573035e-17,
            0.008325049320941514,
            0.09370424257111944,
            3.931687559620666e-18,
            -0.19412824828481592,
            5.165516096114134e-17
        ],
        [
            3.700458254582625e-18,
            1.248301100040899e-18,
            3.9294066885113784e-32,
            -2.0606087133522833e-17,
            -4.3386148525039796e-33,
            -2.1477420737195146e-17,
            8.268042039764368e-18,
            -6.996474871313993e-32,
            4.5871590889449154e-17,
            1.7009005571636317e-32,
            8.70922553499974e-17,
            1.5135778656513253e-17,
            -1.8050593478109018e-32,
            -5.227448637268427e-18,
            -6.275619490964386e-33,
            -4.180001601251217e-17,
            -1.1095961847021072e-17,
            -2.140108663343937e-33,
            -6.168514942070196e-17,
            1.3099378144297866e-32
        ],
        [
            0.06914077888040013,
            0.07270147101558183,
            2.0493154390193545e-16,
            0.05061521960731889,
