{
    "E_opt": {
        "E": -2.2255220653687995,
        "l": 7.476096937118022
    },
    "l_opt": {
        "E": -2.225522065368796,
        "l": 7.380268119680249,
        "eigvals": [
            -1.9746482253183095,
            -1.6066962931558637,
            -1.3082249056542266,
            -0.9117161350661487
        ]
    },
    "HF": {
        "E": -2.1930432233691177,
        "l": 6.154457266748025
    },
    "B3LYP": {
        "E": -2.19666083514201,
        "l": 6.287571395440518
    },
    "sto-3G": {
        "E": -2.180316614323862,
        "l": 7.715793169896428
    },
    "ccpVDZ": {
        "E": -2.2625703398441455
    },
    "proj": [
        [
            0.8779649506617191,
            0.5794376338257574,
            5.088688335563499e-17,
            -0.13193109567948033,
            2.8340877536045955e-17,
            0.10535055971354845,
            0.2961918671351975,
            -3.082862548141387e-17,
            -0.3056074945204107,
            -1.4282934773383166e-17,
            0.04266032566683167,
            0.05301271343922344,
            2.980800426622452e-17,
            0.019538521258003972,
            6.02159965361361e-17,
            0.04007221059625164,
            -0.013741676472493573,
            1.2628062708904204e-17,
            -0.011359113065642952,
            -2.171172719245162e-17
        ],
        [
            0.5794376338257574,
            0.42427920499429916,
            1.0498308926603239e-17,
            -0.010742629026169822,
            5.740383956835079e-17,
            0.2524268038182542,
            0.27642867054884057,
            -1.6493466699626975e-17,
            -0.19723030234909977,
            -2.955013964051884e-17,
            0.039045384108927196,
            0.06195713894997306,
            -9.68406424717538e-18,
            -0.07352372515833588,
            3.577692939179233e-17,
            -0.01382519259005816,
            -0.036367000897455704,
            -2.6707439717983242e-17,
            -0.009686568096982491,
            -2.4745010037647324e-17
        ],
        [
            5.088688335563499e-17,
            1.0498308926603237e-17,
            1.9890486771898123e-32,
            -5.2967898957126546e-17,
            -1.0835184871564518e-33,
            -1.0875312492868303e-16,
            -4.328438795324286e-17,
            -8.270440922246263e-33,
            -3.876117698865988e-17,
            1.169708336603781e-32,
            -5.600767907222867e-17,
            -4.706372709044805e-17,
            1.4607573081280373e-32,
            4.058659267666315e-17,
            5.57267387651829e-33,
            -1.1649390129442452e-17,
            -1.9960613471591384e-17,
            2.2700658453831522e-32,
            1.4740635180779627e-17,
            1.1296787265983433e-32
        ],
        [
            -0.13193109567948033,
            -0.010742629026169827,
            -5.2967898957126546e-17,
            0.16898624061115222,
            6.032327065240118e-17,
            0.33950461550473154,
            0.11297660765100076,
            -5.262937481786545e-18,
            0.04907660804672573,
            -5.0793487924284076e-17,
            0.013410313811506707,
            0.07022911085269783,
            -7.089096530390981e-17,
            -0.13614576788741914,
            -1.5619256828463342e-17,
            0.01118758330533048,
            0.009561066482384525,
            -6.46772856874396e-17,
            0.016972656735190775,
            -1.6777152396616783e-17
        ],
        [
            2.8340877536045925e-17,
            5.740383956835077e-17,
            -1.0835184871564493e-33,
            6.032327065240118e-17,
            1.2815883642022341e-31,
            1.2286471777437965e-16,
            1.201351596113666e-17,
            -3.9079538704819825e-32,
            -1.0916236311512336e-16,
            -2.9483439574586994e-32,
            -2.6504656168710917e-16,
            -1.270931379470121e-16,
            -5.783700353951094e-32,
            -9.557758934694315e-17,
            -1.5408956384095218e-33,
            -1.2647200344362708e-16,
            -1.427184589532967e-16,
            -1.6826030593563328e-32,
            9.363681035736502e-17,
            2.439660494122373e-32
        ],
        [
            0.10535055971354851,
            0.2524268038182542,
            -1.0875312492868303e-16,
            0.33950461550473154,
            1.2286471777437968e-16,
            0.8747197002331224,
            0.43846650254581265,
            -2.368100502885418e-18,
            0.016150494029861864,
            -1.168105301158267e-16,
            0.16755086595612562,
            0.24436711106956013,
            -1.3650892337636522e-16,
            -0.32119789974940843,
            -8.894182109242575e-18,
            0.04225326931415469,
            0.038787464640107294,
            -1.5572512541521586e-16,
            -0.013498144074005661,
            -6.457840720579843e-17
        ],
        [
            0.2961918671351975,
            0.27642867054884057,
            -4.328438795324285e-17,
            0.11297660765100076,
            1.2013515961136663e-17,
            0.43846650254581265,
            0.3164971838543962,
            1.944421538467178e-17,
            -0.018944426670094598,
            -4.4586829153945106e-17,
            0.24450133718939657,
            0.20188451942032173,
            -2.969599784566535e-17,
            -0.13507709780655364,
            1.286630147550368e-17,
            0.0528320654703281,
            0.061866617252499416,
            -7.436366059052592e-17,
            -0.07032532767463007,
            -5.428720305562108e-17
        ],
        [
            -3.082862548141388e-17,
            -1.6493466699626972e-17,
            -8.270440922246266e-33,
            -5.262937481786556e-18,
            -3.9079538704819825e-32,
            -2.3681005028854274e-18,
            1.9444215384671775e-17,
            6.059102966280141e-32,
            8.226596722029904e-17,
            3.8034160825504554e-32,
            1.6244489407316209e-16,
            3.1796042476031975e-17,
            4.126814087221168e-32,
            -4.886685177625464e-17,
            -3.930662763624414e-33,
            -1.3724502719472093e-16,
            -5.026998930254566e-17,
            -1.4873520685551016e-32,
            -9.577458294929368e-17,
            -1.8505759557457652e-32
        ],
        [
            -0.30560749452041075,
            -0.19723030234909977,
            -3.876117698865988e-17,
            0.04907660804672573,
            -1.0916236311512338e-16,
            0.01615049402986186,
            -0.0189444266700946,
            8.226596722029904e-17,
            0.23816798125552038,
            3.532217420101534e-17,
            0.32109811871958505,
            0.1350373288300216,
            4.059245831944917e-17,
            -0.026062356905695937,
            -2.240558138812974e-17,
            -0.019537965441228242,
            0.07349533494065474,
            -2.784660756172888e-17,
            -0.13610370884206235,
            -3.4312080304479915e-17
        ],
        [
            -1.4282934773383166e-17,
            -2.955013964051884e-17,
            1.1697083366037812e-32,
            -5.079348792428408e-17,
            -2.9483439574586994e-32,
            -1.1681053011582672e-16,
            -4.4586829153945106e-17,
            3.8034160825504554e-32,
            3.532217420101534e-17,
            4.094857333835962e-32,
            5.750203610922189e-17,
            -2.977315690901173e-17,
            4.360783237669306e-32,
            2.0078892522240706e-18,
            -2.7473491229568e-34,
            -1.203877844687191e-16,
            -6.082663710127607e-17,
            1.1203869292411126e-32,
            -5.4734257824801326e-17,
            -7.49184632340296e-34
        ],
        [
            0.04266032566683165,
            0.039045384108927196,
            -5.600767907222867e-17,
