{
    "E_opt": {
        "E": -2.2204436308851223,
        "l": 7.19058461955575
    },
    "l_opt": {
        "E": -2.2204436308851028,
        "l": 7.10314367968251,
        "eigvals": [
            -1.8423783075507532,
            -1.5292042039904399,
            -1.2754024015816012,
            -0.9683311625635034
        ]
    },
    "HF": {
        "E": -2.1862316681048375,
        "l": 6.109164053715274
    },
    "B3LYP": {
        "E": -2.191215040551165,
        "l": 6.249703325102875
    },
    "sto-3G": {
        "E": -2.1663874486347625,
        "l": 7.4763487686814845
    },
    "ccpVDZ": {
        "E": -2.2539824968375557
    },
    "proj": [
        [
            0.8664557963060306,
            0.5777397618182033,
            -4.579577224404098e-17,
            -0.1079772210956382,
            7.57034798699451e-17,
            0.026883728049190196,
            0.25424803713034855,
            1.1841803021814688e-16,
            -0.2544979102159185,
            -3.407249967864054e-17,
            0.030155653168024845,
            0.028876346841128053,
            2.1242838074391262e-17,
            0.03132490722402432,
            1.0752351218904321e-17,
            0.03369904182531313,
            -0.006244989139906267,
            1.713484099517215e-17,
            -0.011133506269202365,
            -4.018449724456982e-18
        ],
        [
            0.5777397618182033,
            0.4367072728162154,
            -5.4355897074620195e-17,
            -0.0022357637828175235,
            4.4136014047486076e-17,
            0.22601055306049903,
            0.27245096582715267,
            1.681169142312383e-17,
            -0.1725821415529165,
            -4.688255385661253e-18,
            0.012888373242445704,
            0.0472099481367412,
            1.1777050317708462e-17,
            -0.05397975125980595,
            2.7120387974997025e-17,
            -0.006305271463802511,
            -0.03180970125783569,
            2.2209621575509133e-18,
            -0.00028999600594674255,
            -3.8228621234859173e-17
        ],
        [
            -4.5795772244040986e-17,
            -5.4355897074620195e-17,
            3.257865352364e-32,
            -3.24691972287158e-17,
            -4.134338690125093e-32,
            -1.0321142165222855e-16,
            -4.861451861947522e-17,
            4.7346280865335177e-32,
            4.3597980876405936e-17,
            8.869706800784476e-35,
            8.181779367584273e-17,
            -2.063703639068761e-18,
            1.0416139745770339e-33,
            5.518041982493491e-18,
            -9.611714633089238e-33,
            -8.68156474179901e-17,
            -3.253548214337946e-17,
            -9.068477540007052e-34,
            -4.2920793577436346e-17,
            1.930632758537916e-32
        ],
        [
            -0.10797722109563819,
            -0.0022357637828175417,
            -3.24691972287158e-17,
            0.11147843303047916,
            -1.3174822198201706e-17,
            0.2884753838194227,
            0.11373536005712814,
            -1.0207341711425122e-16,
            0.027638236445784285,
            2.7952840190996664e-17,
            -0.008028580535539379,
            0.05362653105659546,
            -5.912983850669991e-18,
            -0.09199565476063008,
            2.801102440569191e-17,
            0.011046538424753859,
            0.00022587777886673053,
            -1.5231323415959052e-17,
            0.01687535680662282,
            -5.1510657450185815e-17
        ],
        [
            7.570347986994509e-17,
            4.413601404748609e-17,
            -4.134338690125093e-32,
            -1.3174822198201706e-17,
            1.2641219863991942e-31,
            -4.859297471973841e-17,
            -6.098106554365142e-17,
            -5.496082862988018e-32,
            -1.2200072511155623e-16,
            -2.5115889716638115e-32,
            -3.017895149089059e-16,
            -1.3197231147531761e-16,
            -1.4218896015832958e-33,
            4.7568616856177413e-17,
            -1.266545766505931e-32,
            1.0501851648661509e-16,
            -4.5581401573513285e-18,
            2.0368235215542426e-32,
            1.1254345078945984e-16,
            1.2155872782887333e-32
        ],
        [
            0.02688372804919024,
            0.226010553060499,
            -1.0321142165222856e-16,
            0.2884753838194227,
            -4.8592974719738414e-17,
            0.8832803601800001,
            0.46808211088504587,
            -2.3242143188646893e-16,
            0.01468298304788529,
            7.634049103268782e-17,
            0.0960921639245001,
            0.22341403628628706,
            -7.850375358914906e-18,
            -0.26982064240540254,
            9.250731435761963e-17,
            0.02990393293527764,
            0.012729835491627288,
            -4.489740383250848e-17,
            0.00798794434000182,
            -1.5933505441079941e-16
        ],
        [
            0.25424803713034855,
            0.27245096582715267,
            -4.861451861947521e-17,
            0.11373536005712816,
            -6.098106554365142e-17,
            0.4680821108850458,
            0.34582763944392364,
            -4.659979755397184e-17,
            -0.010616003574844197,
            3.8078851226864415e-17,
            0.22351612844740829,
            0.20825766096280102,
            3.885808910540035e-18,
            -0.12962069923820352,
            5.707875320233873e-17,
            0.028760652591022676,
            0.04715998319317295,
            -2.7495776257748527e-17,
            -0.0536807699639997,
            -8.825463098803844e-17
        ],
        [
            1.1841803021814688e-16,
            1.6811691423123833e-17,
            4.734628086533518e-32,
            -1.0207341711425122e-16,
            -5.496082862988018e-32,
            -2.3242143188646893e-16,
            -4.6599797553971837e-17,
            1.359463353111956e-31,
            2.9937462038078214e-17,
            -1.421675076949305e-32,
            1.9934675263167005e-16,
            4.962759608505086e-17,
            7.970947154516334e-33,
            7.239392015591629e-17,
            -1.5884488346418138e-32,
            -2.2912756161787687e-17,
            3.569585951903481e-17,
            2.6294515449700915e-33,
            -8.03064886803905e-17,
            3.7538523407474435e-32
        ],
        [
            -0.2544979102159185,
            -0.17258214155291654,
            4.3597980876405936e-17,
            0.02763823644578428,
            -1.2200072511155625e-16,
            0.014682983047885283,
            -0.010616003574844192,
            2.9937462038078214e-17,
            0.16380838281360313,
            2.5852952739649954e-17,
            0.26979921038040666,
            0.1296206978226641,
            -2.9634429253082195e-18,
            -0.020758808899616125,
            8.401140308673611e-18,
            -0.0313037449976686,
            0.05398512892363607,
            -2.1042476382416614e-17,
            -0.0919850444875092,
            -8.6321771709841e-18
        ],
        [
            -3.407249967864054e-17,
            -4.6882553856612556e-18,
            8.869706800784398e-35,
            2.7952840190996664e-17,
            -2.5115889716638115e-32,
            7.634049103268781e-17,
            3.8078851226864415e-17,
            -1.421675076949305e-32,
            2.5852952739649954e-17,
            1.0990659680407336e-32,
            4.78427591014438e-17,
            3.122304415096879e-17,
            -1.0707884543272056e-33,
            -3.310683425747236e-17,
            8.501814256632686e-33,
            -2.6600328760154966e-17,
            -7.238201490287738e-18,
            -6.900657533669879e-33,
            -1.6178055110187922e-17,
            -1.3760679930836913e-32
        ],
        [
            0.0301556531680249,
            0.01288837324244567,
            8.181779367584274e-17,
