{
  "bond_length": 0.7000000000000002,
  "hf_vqe_casci_energy": -2.123513772324687,
  "nn_vqe_casci_energy": -2.150717297709211,
  "avas_vqe_casci_energy": -2.1497782817359328,
  "hf_params": [
    -8.055157139695306e-05,
    0.0,
    8.067852875743041e-05,
    0.0,
    0.0,
    0.024392127080934894,
    0.0,
    -0.024373595591770183,
    0.047123461472433105,
    0.0,
    0.0,
    0.018074533514751513,
    -0.038061351264189996,
    0.0,
    0.038060441470512484,
    -7.893637791641746e-06,
    0.0,
    0.0,
    -7.901260762554735e-06,
    0.03806040594390106,
    0.0,
    -0.03806127254504102,
    0.11776737932333421,
    0.0,
    0.0,
    0.04639577732205393
  ],
  "nn_params": [
    -0.036569111665126365,
    -2.5644652109433245e-06,
    0.03648677937343071,
    9.539784826064876e-07,
    1.6246841946274887e-06,
    0.05680222064368889,
    -1.3901209169479922e-06,
    -0.05667384142307268,
    0.09768337435743402,
    -7.633412250241768e-07,
    1.6605587507554377e-06,
    0.063229008541294,
    -0.052061631961142385,
    1.5519098967456812e-06,
    0.08683381021240168,
    -0.034801702598549596,
    1.0218336371195418e-06,
    -1.3454640607798219e-06,
    -0.03480157783344663,
    0.08683495857246057,
    -9.962064639640295e-07,
    -0.052056822903497245,
    0.2194411933683731,
    -8.950433609513291e-07,
    2.838121780082526e-07,
    0.04974733362208347
  ],
  "avas_params": [
    0.009686274676223544,
    0.0,
    -0.009667849475405521,
    0.0,
    0.0,
    0.0065280587853227805,
    0.0,
    -0.006516309141547167,
    0.0923891623615459,
    0.0,
    0.0,
    0.05851856180318144,
    0.045763612992210094,
    0.0,
    -0.08185849515236102,
    0.036110329955891605,
    0.0,
    0.0,
    0.036110324687109126,
    -0.0818584848242435,
    0.0,
    0.04576346560636522,
    0.23515856003798596,
    0.0,
    0.0,
    0.046038470125134165
  ]
}