{
  "bond_length": 1.9000000000000006,
  "hf_vqe_casci_energy": -2.006891170020435,
  "nn_vqe_casci_energy": -2.0417326420422164,
  "avas_vqe_casci_energy": -2.029518390669401,
  "hf_params": [
    -0.014568284339138036,
    0.0,
    0.015622381598522507,
    0.0,
    0.0,
    -0.045320049275339405,
    0.0,
    0.04307685448005979,
    0.21227354511546284,
    0.0,
    0.0,
    0.45131808564373993,
    0.14940854296384626,
    0.0,
    -0.4286016787244982,
    0.2774971305927792,
    0.0,
    0.0,
    0.2774622869844757,
    -0.42824976803516535,
    0.0,
    0.1497055697132769,
    0.8296711780077642,
    0.0,
    0.0,
    0.18573509163896543
  ],
  "nn_params": [
    -0.08715022994644432,
    -0.0005959506063232019,
    0.08761984034857641,
    4.4707677457482186e-05,
    -0.00022721957935790417,
    -0.17264250267671902,
    -0.00018359433270182985,
    0.16400890180871072,
    0.271258308719196,
    -0.0002270530227192727,
    0.00020384316042289127,
    0.5076052267553894,
    0.1513288643683489,
    -0.0006310074861248957,
    -0.4950347124887784,
    0.3405720541455679,
    -0.00011031513431291885,
    0.00031082274315327117,
    0.34046834324491554,
    -0.4954395661874001,
    0.00038561929290263533,
    0.15227064473211846,
    0.841278927621846,
    -0.00030294886488754834,
    0.0002722676598476729,
    0.21761236114645058
  ],
  "avas_params": [
    -0.0018126542605058037,
    0.0,
    0.004089529982337943,
    0.0,
    0.0,
    0.02540879606172975,
    0.0,
    -0.022978429994008613,
    0.22477481540492014,
    0.0,
    0.0,
    0.48103599437846933,
    -0.14867226462332117,
    0.0,
    0.445307892344533,
    -0.29429952635282947,
    0.0,
    0.0,
    -0.2942514660450142,
    0.44460555974407534,
    0.0,
    -0.14888362700871416,
    0.8287575338438941,
    0.0,
    0.0,
    0.1829948330990556
  ]
}