{
  "bond_length": 1.0000000000000002,
  "hf_vqe_casci_energy": -2.1861807282713515,
  "nn_vqe_casci_energy": -2.219506226019533,
  "avas_vqe_casci_energy": -2.2180050038982158,
  "hf_params": [
    -0.01353919209568049,
    0.0,
    0.013510297979887778,
    0.0,
    0.0,
    -0.03487598285769613,
    0.0,
    0.03479338316317211,
    0.09955990796566266,
    0.0,
    0.0,
    0.041322570134354135,
    0.056975353640196624,
    0.0,
    -0.07885269523620374,
    0.021910543468123,
    0.0,
    0.0,
    0.02191118087109417,
    -0.07885196225086322,
    0.0,
    0.056974116269665455,
    0.2531538408763366,
    0.0,
    0.0,
    0.055154744047000694
  ],
  "nn_params": [
    -0.040905041313911886,
    2.287526806759408e-06,
    0.040684905647022776,
    -2.4299530819320395e-06,
    6.479182519498356e-07,
    0.12370988943607857,
    -9.11978525629071e-07,
    -0.12308266342880157,
    0.14205935070943373,
    -3.2400222499829097e-07,
    4.4061744366289447e-07,
    0.1049354656405669,
    -0.0672837333448517,
    7.2846723310052e-07,
    0.153059423400252,
    -0.0858021461225381,
    -1.2023013292673341e-07,
    -1.3674480901390646e-06,
    -0.08580026925502142,
    0.1530697586160011,
    3.584301157980001e-07,
    -0.06724527551033582,
    0.3430519988065201,
    -1.6413791751039644e-06,
    1.427108500378545e-06,
    0.0659574781978438
  ],
  "avas_params": [
    -0.011044402490520586,
    0.0,
    0.010997704047207435,
    0.0,
    0.0,
    0.0120985346624643,
    0.0,
    -0.012041521656998875,
    0.13251913992853406,
    0.0,
    0.0,
    0.1078577819079378,
    -0.06317914420697063,
    0.0,
    0.14827869448600592,
    -0.08510131070015817,
    0.0,
    0.0,
    -0.0851012114438689,
    0.14827772251567092,
    0.0,
    -0.06318037408123518,
    0.3546107831654361,
    0.0,
    0.0,
    0.07658592993649262
  ]
}