{
  "bond_length": 0.8000000000000003,
  "hf_vqe_casci_energy": -2.1781273495389937,
  "nn_vqe_casci_energy": -2.2065112493478516,
  "avas_vqe_casci_energy": -2.206681079988465,
  "hf_params": [
    -0.0038338601416782977,
    0.0,
    0.0038302848522963283,
    0.0,
    0.0,
    0.027716395009898833,
    0.0,
    -0.027686598705467986,
    0.06378775108345051,
    0.0,
    0.0,
    0.02256386783841757,
    -0.04393933199978716,
    0.0,
    0.046552788849279006,
    -0.0026280309809047185,
    0.0,
    0.0,
    -0.0026281198034220324,
    0.04655265503943974,
    0.0,
    -0.043939136553992376,
    0.15706002889145518,
    0.0,
    0.0,
    0.046522946142962505
  ],
  "nn_params": [
    -0.03688618369231369,
    -3.146280048684995e-06,
    0.036884916071219305,
    8.406359160441564e-07,
    1.8096854422921355e-06,
    0.08109785939986987,
    1.8897024210016054e-07,
    -0.08088073986985654,
    0.11264850194567547,
    8.965719818329382e-08,
    8.353055618835512e-07,
    0.07364350186446318,
    -0.05593179955112898,
    1.367535085603122e-06,
    0.10653806004636972,
    -0.05256669456498908,
    -1.4782888640265178e-07,
    -1.8062800138651071e-06,
    -0.05139379892661186,
    0.10654468920160888,
    5.043859109723615e-07,
    -0.055931340064744164,
    0.2573635827193826,
    -2.0530281893026256e-06,
    -1.6268936796775676e-07,
    0.054089225134614456
  ],
  "avas_params": [
    -0.010625694806490771,
    0.0,
    0.010597864714772805,
    0.0,
    0.0,
    0.008367717147368807,
    0.0,
    -0.008346402341859537,
    0.10570485740795145,
    0.0,
    0.0,
    0.07246273654654219,
    -0.05152824469513143,
    0.0,
    0.10183901625977973,
    -0.05033009060145493,
    0.0,
    0.0,
    -0.05033008198140005,
    0.1018389215620367,
    0.0,
    -0.05152817124046989,
    0.27173376465427096,
    0.0,
    0.0,
    0.05565016382958977
  ]
}