{
  "bond_length": 0.9000000000000001,
  "hf_vqe_casci_energy": -2.1929875251735247,
  "nn_vqe_casci_energy": -2.2236745635941326,
  "avas_vqe_casci_energy": -2.2233725318278283,
  "hf_params": [
    -0.00871307828422027,
    0.0,
    0.008700740247213453,
    0.0,
    0.0,
    0.03127793118393344,
    0.0,
    -0.031228830733761283,
    0.08179041711543829,
    0.0,
    0.0,
    0.029686017830291296,
    -0.05016411923802085,
    0.0,
    0.05953718661887819,
    -0.009388006627010061,
    0.0,
    0.0,
    -0.009388351258786296,
    0.0595368592759453,
    0.0,
    -0.050163662581559354,
    0.20312203359774614,
    0.0,
    0.0,
    0.0491780770520811
  ],
  "nn_params": [
    -0.04279899714649968,
    5.182285069933973e-07,
    0.04262602282069963,
    3.9409691942117814e-07,
    -1.8147563579687282e-06,
    0.10660010977987285,
    -4.804146730225701e-07,
    -0.10617958584555877,
    0.12726093885919043,
    -2.13050577284701e-06,
    5.814389599938671e-07,
    0.08743201720748651,
    -0.06179423543826983,
    1.881938252811748e-06,
    0.12875981323729693,
    -0.06700982720699583,
    -1.1793318445492096e-06,
    4.977890063384302e-07,
    -0.06700891624457893,
    0.1287657379909593,
    1.12246074219631e-06,
    -0.0617721262056502,
    0.2985202687049697,
    8.302836666873458e-07,
    9.380253647932319e-07,
    0.059215487639836084
  ],
  "avas_params": [
    -0.011117661416073866,
    0.0,
    0.011079380494896244,
    0.0,
    0.0,
    0.010252758499127067,
    0.0,
    -0.010216919588627138,
    0.11912345800231547,
    0.0,
    0.0,
    0.08875395437592433,
    -0.057285196719609195,
    0.0,
    0.12395031391109329,
    -0.06667498760685885,
    0.0,
    0.0,
    -0.06667494787532692,
    0.12395007480036732,
    0.0,
    -0.057285072516355354,
    0.3115919854712069,
    0.0,
    0.0,
    0.06585124645445041
  ]
}