{
  "bond_length": 0.4,
  "hf_vqe_casci_energy": -1.1648736577354524,
  "nn_vqe_casci_energy": -1.174272910731289,
  "avas_vqe_casci_energy": -1.1807276395560018,
  "hf_params": [
    0.0014270680768213252,
    0.0,
    -0.0014266243039336639,
    0.0,
    0.0,
    -0.022985610543821207,
    0.0,
    0.022978674405100694,
    0.01493965023528309,
    0.0,
    0.0,
    0.01109831418923029,
    0.024967790416662788,
    0.0,
    -0.023613330432971077,
    -0.0013560893341072425,
    0.0,
    0.0,
    -0.0013560840739315003,
    -0.023613345692828046,
    0.0,
    0.024967789334346267,
    0.08165576125160352,
    0.0,
    0.0,
    0.059879485385678936
  ],
  "nn_params": [
    -0.14737268517829083,
    1.114839660067211e-06,
    0.14732232734995623,
    1.599785804589123e-06,
    -1.791177363780711e-06,
    0.12300539061586328,
    1.9588205873631946e-06,
    -0.12296364706244785,
    0.032519234362369295,
    -9.93645859325223e-07,
    9.738214366844396e-07,
    0.04112280377559886,
    0.038395059411106984,
    -1.412176920959578e-06,
    -0.017796458856973743,
    -0.02060241443782103,
    -1.7555433768940894e-06,
    2.48922470012145e-06,
    -0.020602368093968725,
    -0.01779629678611114,
    1.223040066605382e-06,
    0.03840137767136378,
    0.1426262349130502,
    -1.650677546122539e-06,
    8.209807197258021e-07,
    0.08118453753002869
  ],
  "avas_params": [
    0.00549771336316398,
    0.0,
    -0.005495002396086079,
    0.0,
    0.0,
    0.0019284571196541667,
    0.0,
    -0.0019276094053275968,
    0.05392006556419854,
    0.0,
    0.0,
    0.028185886097849305,
    0.028276407289514065,
    0.0,
    -0.0342623264087796,
    0.005992568957193695,
    0.0,
    0.0,
    0.00599257385616742,
    -0.03426231535731909,
    0.0,
    0.028276402672488876,
    0.1417050298258005,
    0.0,
    0.0,
    0.021704215299284502
  ]
}