{
  "bond_length": 1.7000000000000004,
  "hf_vqe_casci_energy": -2.036468132209673,
  "nn_vqe_casci_energy": -2.069640668464868,
  "avas_vqe_casci_energy": -2.0616810615979295,
  "hf_params": [
    -0.016613423069340376,
    0.0,
    0.016761721585687228,
    0.0,
    0.0,
    -0.045346598803424495,
    0.0,
    0.04416358379279437,
    0.19627930846371655,
    0.0,
    0.0,
    0.3237293531017575,
    0.12318572651942125,
    0.0,
    -0.3474249926902679,
    0.22342988427872387,
    0.0,
    0.0,
    0.22342220670483426,
    -0.34733113564384044,
    0.0,
    0.12331122403602864,
    0.7040744158867209,
    0.0,
    0.0,
    0.16106839174760368
  ],
  "nn_params": [
    -0.0033248223307368895,
    -7.544269822243926e-07,
    0.004799081427559606,
    2.3580429097791554e-06,
    -8.732801583147764e-06,
    -0.16772738674265042,
    5.706851347707162e-06,
    0.1628505540191237,
    0.22798598969982498,
    -1.70140426875889e-06,
    2.847770546351434e-07,
    0.3845854180449003,
    0.12250213440833138,
    -1.2875459746497762e-06,
    -0.39541445161912814,
    0.2709260225138687,
    -1.8465935058565609e-06,
    -2.04964318232711e-06,
    0.27091390599284254,
    -0.3953278011078657,
    3.4074820935782096e-07,
    0.12330682648605071,
    0.7453214716939681,
    -4.587895584714081e-07,
    4.235287431933142e-07,
    0.15662281297099429
  ],
  "avas_params": [
    0.0005706194852160597,
    0.0,
    -0.0013815350294999673,
    0.0,
    0.0,
    0.023135728589585167,
    0.0,
    -0.022086425910125787,
    0.2110289489210174,
    0.0,
    0.0,
    0.36619524545435417,
    0.12374096672069057,
    0.0,
    -0.3746584276909115,
    0.24958174451970644,
    0.0,
    0.0,
    0.24956009617812658,
    -0.37444142754471277,
    0.0,
    0.12384122992047303,
    0.7234845711627839,
    0.0,
    0.0,
    0.1612884519161443
  ]
}