{
  "bond_length": 1.6000000000000005,
  "hf_vqe_casci_energy": -2.054837815236319,
  "nn_vqe_casci_energy": -2.087740270720468,
  "avas_vqe_casci_energy": -2.081444898011408,
  "hf_params": [
    -0.017549854030841732,
    0.0,
    0.017520405248866,
    0.0,
    0.0,
    0.044740951416360246,
    0.0,
    -0.04387052000589022,
    0.18662367258707852,
    0.0,
    0.0,
    0.2653500305965389,
    -0.11116299586503496,
    0.0,
    0.30505724715639954,
    -0.19340830706941153,
    0.0,
    0.0,
    -0.19340751190346384,
    0.30501019343035646,
    0.0,
    -0.11122901705964781,
    0.6362115429631556,
    0.0,
    0.0,
    0.14680285796443418
  ],
  "nn_params": [
    -0.008612713692916102,
    -1.986186282629374e-06,
    0.007668988003293809,
    6.764560705644415e-07,
    -4.292654137501128e-06,
    -0.12383497961237036,
    3.8706746644599665e-06,
    0.12105970830318534,
    0.21600233242410471,
    4.2651428953168165e-07,
    1.6381757817346551e-07,
    0.3251662004028016,
    -0.10998982646573334,
    6.902407831482767e-07,
    0.3507443960885325,
    -0.23940431037458892,
    2.408063834427497e-07,
    -1.0406840185701123e-06,
    -0.2394014000720097,
    0.3506356984421911,
    -1.439382314415877e-07,
    -0.1103891019748096,
    0.6838671565603657,
    -1.714960663157337e-06,
    2.1083157372707943e-06,
    0.1486784829049075
  ],
  "avas_params": [
    -0.003958268817866813,
    0.0,
    0.004391801316785637,
    0.0,
    0.0,
    -0.021574680811601014,
    0.0,
    0.020900471944143368,
    0.20284476413241037,
    0.0,
    0.0,
    0.3140204111904941,
    0.11211180193176344,
    0.0,
    -0.33860172051237514,
    0.22550738777075255,
    0.0,
    0.0,
    0.22549489946728368,
    -0.3384901930113874,
    0.0,
    0.11217607517872369,
    0.6673972250212051,
    0.0,
    0.0,
    0.1496273808301298
  ]
}