{
  "bond_length": 0.3,
  "hf_vqe_casci_energy": 0.05324996480848102,
  "nn_vqe_casci_energy": 0.04361543618296652,
  "avas_vqe_casci_energy": 0.042921032302586835,
  "hf_params": [
    0.0001391361307786668,
    0.0,
    -0.00013910535402132337,
    0.0,
    0.0,
    0.029469689449948287,
    0.0,
    -0.029463528816919,
    0.007882081673617009,
    0.0,
    0.0,
    0.009909120091494524,
    0.022044364875945587,
    0.0,
    -0.018699040859386316,
    -0.003345085233190924,
    0.0,
    0.0,
    -0.003345083327022151,
    -0.018699055802915816,
    0.0,
    0.022044314796741578,
    0.11288586345216191,
    0.0,
    0.0,
    0.07677808279408978
  ],
  "nn_params": [
    -0.010331725729209023,
    1.0197546688332083e-07,
    0.010327329399619766,
    1.7764442755115355e-07,
    -4.0268109608922556e-07,
    -0.7502673191064436,
    3.3353041725344165e-07,
    0.749971059834798,
    0.036015990725631546,
    2.8457158292410565e-06,
    -1.113359739937231e-06,
    0.03840806445293852,
    -0.05183835602565748,
    -2.326420013284311e-07,
    0.016799146730307277,
    0.03502941527160911,
    1.0500372747522263e-06,
    -3.0116046848086985e-07,
    0.035028982102639265,
    0.016798170909089152,
    -7.330254383165622e-07,
    -0.051842239241909664,
    0.14286831020606294,
    7.331223071095625e-07,
    7.163582194183451e-07,
    -0.4376661415860564
  ],
  "avas_params": [
    0.003634683478729659,
    0.0,
    -0.0036338719229390385,
    0.0,
    0.0,
    0.0007917434592634942,
    0.0,
    -0.000791584037918039,
    0.04230309109587689,
    0.0,
    0.0,
    0.019597719973488113,
    0.020727625238569178,
    0.0,
    -0.021275703365104183,
    0.0005482684544690645,
    0.0,
    0.0,
    0.0005482685772285293,
    -0.021275683247196888,
    0.0,
    0.02072760572904431,
    0.11293630615084585,
    0.0,
    0.0,
    0.013486546149385766
  ]
}