{
  "bond_length": 1.1000000000000003,
  "hf_vqe_casci_energy": -2.168265761914832,
  "nn_vqe_casci_energy": -2.202908937942485,
  "avas_vqe_casci_energy": -2.20086078137747,
  "hf_params": [
    -0.01731183407142801,
    0.0,
    0.017257024836315846,
    0.0,
    0.0,
    0.038228985701029686,
    0.0,
    -0.038090911283627536,
    0.11648078508303297,
    0.0,
    0.0,
    0.05974400774629641,
    -0.06452569683701384,
    0.0,
    0.1056361826493898,
    -0.04115822370986269,
    0.0,
    0.0,
    -0.04115940638348993,
    0.10563454039660564,
    0.0,
    -0.0645231875515065,
    0.3075287827815051,
    0.0,
    0.0,
    0.06519172782415966
  ],
  "nn_params": [
    -0.0212711236998846,
    -2.18219242817023e-06,
    0.021114086137707377,
    -1.4949141316610571e-06,
    -3.5233140762699545e-06,
    0.12391122381917336,
    2.960987553354432e-06,
    -0.12315673713636852,
    0.15775722939809253,
    1.2156628197941524e-06,
    5.502594681803172e-07,
    0.12683883164860593,
    -0.070403664748644,
    -7.572513471896905e-07,
    0.17744328800848977,
    -0.10701952326545663,
    1.0886711012695203e-06,
    6.815470542422245e-08,
    -0.10701571873446915,
    0.17745277673129337,
    -6.504758183819851e-07,
    -0.070364116714972,
    0.3919648969297236,
    -2.1408585293361776e-06,
    7.908862188317632e-07,
    0.07700741471283569
  ],
  "avas_params": [
    0.010403928356986683,
    0.0,
    -0.010354618690825386,
    0.0,
    0.0,
    -0.013840813287752957,
    0.0,
    0.013753747248540619,
    0.14573353562516622,
    0.0,
    0.0,
    0.1303858148285356,
    -0.0694074468324457,
    0.0,
    0.17492269255484177,
    -0.10547276931243743,
    0.0,
    0.0,
    -0.10547241025235728,
    0.1749205210868329,
    0.0,
    -0.06940929975497086,
    0.4006877912508443,
    0.0,
    0.0,
    0.0878721936049598
  ]
}