{
  "bond_length": 2.3000000000000007,
  "hf_vqe_casci_energy": -1.9730747247027778,
  "nn_vqe_casci_energy": -2.011533237214489,
  "avas_vqe_casci_energy": -1.990839142025325,
  "hf_params": [
    -0.0029474871456517055,
    0.0,
    0.011450698832716598,
    0.0,
    0.0,
    -0.03453566804566191,
    0.0,
    0.02606688365313282,
    0.25590260225538847,
    0.0,
    0.0,
    0.704407935005309,
    0.193867429455666,
    0.0,
    -0.5660755309909244,
    0.3673866968673406,
    0.0,
    0.0,
    0.3672686481959489,
    -0.5630357582935178,
    0.0,
    0.1945147583367518,
    1.0023517269363276,
    0.0,
    0.0,
    0.2413415285006759
  ],
  "nn_params": [
    -0.1396568714388336,
    -0.001392921861111447,
    0.11906385566303782,
    -0.0012910946741220674,
    -0.0011743417046410573,
    0.35877483613211253,
    -0.001397052973059162,
    -0.33627762937021555,
    0.40064703756730896,
    -0.0012847319353541304,
    0.0013035588865911456,
    0.721689611564159,
    0.07305967891527831,
    -0.0012723829298639958,
    -0.5800367054465732,
    0.4971249590581379,
    -0.0013511696989541254,
    0.001279999368522602,
    0.49736817361997415,
    -0.5842218203685101,
    0.0013705806681420518,
    0.08747466883104196,
    0.9510903527954998,
    -0.0013093281788163719,
    0.0013104401350080388,
    0.2832763144323942
  ],
  "avas_params": [
    0.005465294878636794,
    0.0,
    0.005332113149803818,
    0.0,
    0.0,
    -0.021900206277128152,
    0.0,
    0.012228684074047228,
    0.2606332027511223,
    0.0,
    0.0,
    0.7100532976344465,
    0.19117228824285526,
    0.0,
    -0.5685247193977478,
    0.3717779129546933,
    0.0,
    0.0,
    0.37169924302261553,
    -0.5645723341443696,
    0.0,
    0.191557052260777,
    0.9795591536301272,
    0.0,
    0.0,
    0.23500923059465365
  ]
}