{
  "bond_length": 1.5000000000000004,
  "hf_vqe_casci_energy": -2.0754171246782334,
  "nn_vqe_casci_energy": -2.1083853949788183,
  "avas_vqe_casci_energy": -2.103532636190936,
  "hf_params": [
    -0.018567481198663353,
    0.0,
    0.01845900645757495,
    0.0,
    0.0,
    0.04407082999321324,
    0.0,
    -0.04342791914560283,
    0.17526024208796195,
    0.0,
    0.0,
    0.21190059145919693,
    -0.10026287569762142,
    0.0,
    0.2622789423886738,
    -0.1618051291821512,
    0.0,
    0.0,
    -0.16180750979726286,
    0.26225435047716766,
    0.0,
    -0.10029094277169169,
    0.5672183025418405,
    0.0,
    0.0,
    0.13095127219040467
  ],
  "nn_params": [
    0.01102572384290347,
    2.3066908195204655e-06,
    -0.011208346058769207,
    -3.358536061943241e-06,
    -6.62137945524139e-06,
    -0.056327415459225975,
    4.678052332995792e-06,
    0.05527942823087204,
    0.2068016551044745,
    -1.2079457722826235e-07,
    -4.840139450696479e-07,
    0.27169795067686126,
    -0.10063422561696164,
    -1.0656685929890552e-06,
    0.3111676746958734,
    -0.20971067038169222,
    5.124436264371717e-07,
    7.705223169124928e-07,
    -0.20970451785758829,
    0.3111108521144798,
    -1.048651409520851e-06,
    -0.10074456427421133,
    0.6202131347078487,
    1.751878159712952e-08,
    -1.2364156840187854e-06,
    0.14309789709752493
  ],
  "avas_params": [
    0.005027149855751101,
    0.0,
    -0.0052293566383115496,
    0.0,
    0.0,
    0.020011643505996397,
    0.0,
    -0.019571863141259038,
    0.19331323006881937,
    0.0,
    0.0,
    0.26675579000813515,
    0.10156522660052773,
    0.0,
    -0.3028995933753213,
    0.20067129793731225,
    0.0,
    0.0,
    0.20066441528800988,
    -0.30284560596055776,
    0.0,
    0.10160721535399829,
    0.6109694595389796,
    0.0,
    0.0,
    0.13731124205100215
  ]
}