{
  "bond_length": 1.8000000000000005,
  "hf_vqe_casci_energy": -2.0204836425028905,
  "nn_vqe_casci_energy": -2.05431940047634,
  "avas_vqe_casci_energy": -2.0443836066738785,
  "hf_params": [
    -0.015657862623427228,
    0.0,
    0.016135615535045375,
    0.0,
    0.0,
    0.04565115227975032,
    0.0,
    -0.04402665040928059,
    0.20460974348890515,
    0.0,
    0.0,
    0.3861791317769631,
    -0.13609900458089855,
    0.0,
    0.3888102025219419,
    -0.25148931581696016,
    0.0,
    0.0,
    -0.25147074779849926,
    0.38862490704458424,
    0.0,
    -0.1362951845968148,
    0.7692086411889535,
    0.0,
    0.0,
    0.173883953872795
  ],
  "nn_params": [
    -0.04902701679808293,
    -0.005145561810616606,
    0.050116628521518124,
    -0.004571144798658083,
    -0.002100532886364654,
    -0.1791029569451678,
    -0.0022356803372663193,
    0.17208113652599394,
    0.24633851263749235,
    0.003702603069945685,
    -0.0036394691540051864,
    0.4464595958296058,
    0.1395060853733975,
    0.0035812986115937155,
    -0.44699472677806035,
    0.30498693203206184,
    0.0042007847158477395,
    -0.0037270837113635904,
    0.30491958660250346,
    -0.44710070958559733,
    -0.003692545430023439,
    0.1404841139095523,
    0.7984055979202029,
    0.003912263064357984,
    -0.003674431124855328,
    0.1805101126816753
  ],
  "avas_params": [
    0.0027750679070551324,
    0.0,
    -0.004174008257855075,
    0.0,
    0.0,
    0.024475268164533256,
    0.0,
    -0.02288608710505976,
    0.21825736592630113,
    0.0,
    0.0,
    0.42230973812244327,
    0.13601680346692901,
    0.0,
    -0.4104439885515141,
    0.2726132350543167,
    0.0,
    0.0,
    0.27257994466895635,
    -0.4100459099176135,
    0.0,
    0.13616330093269435,
    0.7777452030834677,
    0.0,
    0.0,
    0.17234212793132836
  ]
}