{
  "bond_length": 1.2000000000000004,
  "hf_vqe_casci_energy": -2.1455535641341763,
  "nn_vqe_casci_energy": -2.1800700055664595,
  "avas_vqe_casci_energy": -2.1779350785961165,
  "hf_params": [
    -0.019461694192063783,
    0.0,
    0.01937388461260332,
    0.0,
    0.0,
    0.040831781029589065,
    0.0,
    -0.04060998352409174,
    0.13254269993671752,
    0.0,
    0.0,
    0.08658094268240238,
    -0.07269394087252302,
    0.0,
    0.13946179013973503,
    -0.06682142526788984,
    0.0,
    0.0,
    -0.06682339415433934,
    0.13945824759631928,
    0.0,
    -0.07269050457261561,
    0.36714288976983306,
    0.0,
    0.0,
    0.07927484733041225
  ],
  "nn_params": [
    0.011427339775276145,
    2.6315682977132572e-06,
    -0.011389983281083758,
    -1.640248440429091e-06,
    -3.4540874665312893e-06,
    0.10515277052535632,
    1.8155839197691561e-06,
    -0.10440873679044042,
    0.17221608597432508,
    2.014404274372435e-07,
    4.707489730877074e-07,
    0.1537814266017592,
    -0.07278324470344276,
    1.1167921232881898e-06,
    0.2031896089266263,
    -0.13026706875011365,
    5.64832970067128e-07,
    -8.531843773260884e-07,
    -0.1302621371198782,
    0.2031963040024155,
    -1.0412335133704547e-06,
    -0.07276499670299394,
    0.4441738902610871,
    -1.2519600547933097e-06,
    1.6062371732574684e-06,
    0.09289867848292765
  ],
  "avas_params": [
    -0.009289949439535946,
    0.0,
    0.009251157752467544,
    0.0,
    0.0,
    0.015457955190305947,
    0.0,
    -0.015328613030183184,
    0.15861265074727215,
    0.0,
    0.0,
    0.1570194275489014,
    -0.0761750387180168,
    0.0,
    0.20388737930831904,
    -0.12759356666519714,
    0.0,
    0.0,
    -0.12759290440223792,
    0.20388349687868257,
    0.0,
    -0.07618075820368604,
    0.4496730375692507,
    0.0,
    0.0,
    0.09972840237224237
  ]
}