{
  "bond_length": 1.3000000000000005,
  "hf_vqe_casci_energy": -2.1215116015693845,
  "nn_vqe_casci_energy": -2.1553303572112052,
  "avas_vqe_casci_energy": -2.1527892912645408,
  "hf_params": [
    -0.020024841487267648,
    0.0,
    0.019907541593599868,
    0.0,
    0.0,
    -0.042449651169280726,
    0.0,
    0.04211714289213689,
    0.14786194797503782,
    0.0,
    0.0,
    0.12171513068957336,
    0.08129811775401063,
    0.0,
    -0.17827780355701592,
    0.09701151778907231,
    0.0,
    0.0,
    0.09701423236242983,
    -0.17827063445954275,
    0.0,
    0.08129646794636426,
    0.4313524088383507,
    0.0,
    0.0,
    0.09609609511928385
  ],
  "nn_params": [
    0.0348934778754155,
    -5.503822302413341e-07,
    -0.03465537407146751,
    1.8131313444984905e-07,
    2.2661602708497783e-07,
    0.06862365535307288,
    1.5451448967305524e-07,
    -0.06803977184764327,
    0.18433730216102814,
    -1.3810962849880354e-06,
    1.4310377440145944e-06,
    0.1864995969585317,
    -0.07887295194866725,
    5.946241378752006e-07,
    0.23439300388269668,
    -0.15523646924535334,
    3.1413992265248437e-06,
    -5.082272074529614e-07,
    -0.15522851538043284,
    0.23439499458007157,
    -9.756512506363037e-07,
    -0.07887698044881984,
    0.4995340014749822,
    -1.0322360288720931e-06,
    -5.575395346581918e-08,
    0.11172293178448514
  ],
  "avas_params": [
    0.007881268530947066,
    0.0,
    -0.00787608444100946,
    0.0,
    0.0,
    -0.01698817827581883,
    0.0,
    0.01679423848527785,
    0.1709779553806225,
    0.0,
    0.0,
    0.18834052683791466,
    -0.08368453746507276,
    0.0,
    0.23506349237014193,
    -0.15113829406337878,
    0.0,
    0.0,
    -0.15113663759820772,
    0.235052548183175,
    0.0,
    -0.08369797872823709,
    0.5013426631001993,
    0.0,
    0.0,
    0.11205148931533576
  ]
}