{
  "bond_length": 1.4000000000000004,
  "hf_vqe_casci_energy": -2.097834816993421,
  "nn_vqe_casci_energy": -2.131096233562598,
  "avas_vqe_casci_energy": -2.1275614781593664,
  "hf_params": [
    -0.019528572756723935,
    0.0,
    0.01939894192930493,
    0.0,
    0.0,
    0.04338436092788206,
    0.0,
    -0.04291427577981542,
    0.16222500637371257,
    0.0,
    0.0,
    0.1638378890901093,
    -0.09039073174619362,
    0.0,
    0.2197313292397253,
    -0.12928782171706055,
    0.0,
    0.0,
    -0.12929101529211398,
    0.21971808979895704,
    0.0,
    -0.09039871308086617,
    0.49852987009981714,
    0.0,
    0.0,
    0.11378812962958156
  ],
  "nn_params": [
    0.03321953377295543,
    -2.1933046792329963e-06,
    -0.03297843896216479,
    2.207133174849151e-06,
    6.613075327753366e-06,
    0.013418484380940935,
    -6.457859862254133e-06,
    -0.013335448198253589,
    0.1959863946714156,
    -2.0067996618802446e-07,
    1.4029855435279775e-07,
    0.2256005156093923,
    -0.08950924842369533,
    1.2474778896486952e-06,
    0.2717056178241747,
    -0.1816980110284868,
    1.27417414114601e-06,
    -8.265797852622705e-07,
    -0.1816893188395095,
    0.2716929977943349,
    -8.364174733535246e-07,
    -0.0895304338281609,
    0.5583763961608017,
    -3.320852880318687e-07,
    5.708655984013279e-07,
    0.13018182740303208
  ],
  "avas_params": [
    0.006389281508816524,
    0.0,
    -0.006455493566904662,
    0.0,
    0.0,
    -0.018487275018288122,
    0.0,
    0.01819721453003965,
    0.18263515566215813,
    0.0,
    0.0,
    0.22483678566959653,
    -0.09210722218628467,
    0.0,
    0.26821157320443917,
    -0.17568120850815222,
    0.0,
    0.0,
    -0.17567776600066934,
    0.2681870019374751,
    0.0,
    -0.0921282434557848,
    0.5553448477345417,
    0.0,
    0.0,
    0.12467396038612501
  ]
}