{
  "bond_length": 2.1000000000000005,
  "hf_vqe_casci_energy": -1.9863272271983898,
  "nn_vqe_casci_energy": -2.0230580702635588,
  "avas_vqe_casci_energy": -2.0064697243270633,
  "hf_params": [
    -0.009294144520582017,
    0.0,
    0.012763174433712823,
    0.0,
    0.0,
    0.041701807404438324,
    0.0,
    -0.03727795318589073,
    0.22998313534315215,
    0.0,
    0.0,
    0.5826734837151892,
    -0.17450153354764406,
    0.0,
    0.5019406176181325,
    -0.3245393765171951,
    0.0,
    0.0,
    -0.3244594726231632,
    0.5007737421355709,
    0.0,
    -0.1749930874481138,
    0.9308034743595821,
    0.0,
    0.0,
    0.21028827117692048
  ],
  "nn_params": [
    0.04631664619615714,
    -0.00022796388106302514,
    -0.051801441438509066,
    -0.0015759922082625023,
    0.00048260030171603336,
    -0.18796606841296085,
    0.0008237583157150743,
    0.1746112739492314,
    0.3401282824356363,
    -0.0004686448825879338,
    0.000579379884506824,
    0.6222830347693686,
    -0.14957262438286886,
    0.0007383212810543379,
    0.5630494401788881,
    -0.4074374551396058,
    0.00036156727211674616,
    -0.0008618078549804458,
    -0.40738711372337444,
    0.563999845287994,
    -0.0005714317057112588,
    -0.15164600277340254,
    0.9049458209203415,
    -0.0006871821653158569,
    0.0007045430630172715,
    0.2833013408940486
  ],
  "avas_params": [
    -0.0006959498942605962,
    0.0,
    0.00583853333716034,
    0.0,
    0.0,
    -0.025213085635009933,
    0.0,
    0.019876210212736743,
    0.2394187686059436,
    0.0,
    0.0,
    0.5997736693653374,
    0.1724744622241294,
    0.0,
    -0.5106064094682324,
    0.3344634457638311,
    0.0,
    0.0,
    0.33438405293750145,
    -0.5087850717264355,
    0.0,
    0.17280203689129078,
    0.9158908337864669,
    0.0,
    0.0,
    0.20590351068478163
  ]
}