{
  "bond_length": 0.5,
  "hf_vqe_casci_energy": -1.725859753985725,
  "nn_vqe_casci_energy": -1.7472772261369973,
  "avas_vqe_casci_energy": -1.7457165634807539,
  "hf_params": [
    0.002140430697457214,
    0.0,
    -0.002139505302220706,
    0.0,
    0.0,
    -0.02119581469763018,
    0.0,
    0.02118714001303525,
    0.02320143870132561,
    0.0,
    0.0,
    0.012791620666000265,
    0.028341705679239364,
    0.0,
    -0.02779896737970329,
    -0.0005389991095681258,
    0.0,
    0.0,
    -0.0005389899738259066,
    -0.027798934542362232,
    0.0,
    0.028341689433170076,
    0.07817451402235001,
    0.0,
    0.0,
    0.052059272618982924
  ],
  "nn_params": [
    -0.17192052791196885,
    -4.4744803651280473e-07,
    0.17173644065128602,
    -2.438874549229931e-07,
    2.2910396252138663e-06,
    -0.04396388744991694,
    1.2887989771147396e-06,
    0.04391632613136811,
    0.038991919197767615,
    2.113500937453231e-07,
    -9.69919603561578e-07,
    0.05023507243865519,
    -0.04661143216016291,
    -2.571833901439316e-07,
    0.04622029230106054,
    0.0003872612400624612,
    9.2845927280053e-07,
    2.582744210761947e-06,
    0.00038703299778968924,
    0.046219417591408796,
    -6.199179443195767e-08,
    -0.046620427233152344,
    0.16097747289298608,
    -4.041747520770201e-07,
    -8.190886972969472e-07,
    0.06321001901085821
  ],
  "avas_params": [
    -0.007095068767066142,
    0.0,
    0.0070891129914804046,
    0.0,
    0.0,
    0.0032839835511126745,
    0.0,
    -0.0032814150870625006,
    0.06623206488153005,
    0.0,
    0.0,
    0.03677377078823762,
    -0.034272553907118246,
    0.0,
    0.048192674874830824,
    -0.013925548995843529,
    0.0,
    0.0,
    -0.013925549799932631,
    0.04819271493380351,
    0.0,
    -0.03427248988065203,
    0.1708106110012777,
    0.0,
    0.0,
    0.02914837897440859
  ]
}