{
  "bond_length": 0.6000000000000001,
  "hf_vqe_casci_energy": -1.9955260679140927,
  "nn_vqe_casci_energy": -2.0205009843815316,
  "avas_vqe_casci_energy": -2.018866404140936,
  "hf_params": [
    0.0018289680080780363,
    0.0,
    -0.001827897708117479,
    0.0,
    0.0,
    0.021941961584286396,
    0.0,
    -0.021929944681721228,
    0.03353466959588369,
    0.0,
    0.0,
    0.015020455816098191,
    -0.03270532807621362,
    0.0,
    0.032255621363087864,
    0.0004450496743136906,
    0.0,
    0.0,
    0.0004450009887551225,
    0.03225561449459783,
    0.0,
    -0.03270556546256222,
    0.0905834971387981,
    0.0,
    0.0,
    0.048178660461131756
  ],
  "nn_params": [
    -0.05036540046302044,
    0.0,
    0.050271468798449556,
    0.0,
    0.0,
    0.05040201291166222,
    0.0,
    -0.05030731630902091,
    0.08180315310807208,
    0.0,
    0.0,
    0.055968065194238796,
    -0.05233989487974428,
    0.0,
    0.07167128809765148,
    -0.019356838083110544,
    0.0,
    0.0,
    -0.019356757329497418,
    0.07167194292320145,
    0.0,
    -0.05233533527028467,
    0.18654084661285916,
    0.0,
    0.0,
    0.04848534681251698
  ],
  "avas_params": [
    -0.008486183161272415,
    0.0,
    0.008475087434381169,
    0.0,
    0.0,
    -0.004815292734009591,
    0.0,
    0.004809413840129857,
    0.0791673469229764,
    0.0,
    0.0,
    0.04668585705166178,
    0.03999925834492145,
    0.0,
    -0.06397743828605479,
    0.023987505061514237,
    0.0,
    0.0,
    0.023987502091629632,
    -0.06397746111744058,
    0.0,
    0.03999915435532069,
    0.20176246863178993,
    0.0,
    0.0,
    0.03714991470111744
  ]
}