{
  "bond_length": 2.2000000000000006,
  "hf_vqe_casci_energy": -1.9789142394626387,
  "nn_vqe_casci_energy": -2.0166100076250606,
  "avas_vqe_casci_energy": -1.9978478050221913,
  "hf_params": [
    -0.00713710007440319,
    0.0,
    0.012723184852409076,
    0.0,
    0.0,
    -0.0384789120713585,
    0.0,
    0.032356144481926176,
    0.24163713590629363,
    0.0,
    0.0,
    0.6455006009683651,
    0.18502575423492915,
    0.0,
    -0.5352259971238161,
    0.34625381047787174,
    0.0,
    0.0,
    0.34615232598783974,
    -0.5333004724343718,
    0.0,
    0.18561547558192065,
    0.9701803502978952,
    0.0,
    0.0,
    0.22466015495380123
  ],
  "nn_params": [
    -0.028928092980888914,
    -0.0006477061716095268,
    0.018079304575609197,
    -0.0004781420722133677,
    0.0006108123347037711,
    -0.2418182276317856,
    0.00023896904179678655,
    0.2248513753758173,
    0.3740649646944258,
    -0.0007766668614542245,
    0.0007191737495237979,
    0.6744476971958987,
    -0.13196344592977796,
    0.0007485539645934422,
    0.5838242084388727,
    -0.4430523573940974,
    0.0006344372928196354,
    -0.0007250051552288228,
    -0.4431465518101187,
    0.5852491648461545,
    -0.0006524519536344319,
    -0.13649728227195537,
    0.9307449087677793,
    -0.0007055592533834137,
    0.0007573219575034642,
    0.2981048653554274
  ],
  "avas_params": [
    -0.002388446580792541,
    0.0,
    -0.00537944055636337,
    0.0,
    0.0,
    -0.02384666294984892,
    0.0,
    0.016720630730647057,
    0.24890328219934246,
    0.0,
    0.0,
    0.6566611191707158,
    -0.1826011268922623,
    0.0,
    0.5406142542107994,
    -0.35328765274148494,
    0.0,
    0.0,
    -0.3532035018616467,
    0.5378554506118367,
    0.0,
    -0.18297641979728385,
    0.950670686991097,
    0.0,
    0.0,
    0.21940830076438814
  ]
}