{
  "bond_length": 2.0000000000000004,
  "hf_vqe_casci_energy": -1.9955715208929221,
  "nn_vqe_casci_energy": -2.0313539997074996,
  "avas_vqe_casci_energy": -2.016948121616274,
  "hf_params": [
    -0.01484672573489363,
    0.0,
    0.016882227237228563,
    0.0,
    0.0,
    -0.044184187016468125,
    0.0,
    0.04112727251593527,
    0.22044974303790157,
    0.0,
    0.0,
    0.5174405960762903,
    0.16237164645275243,
    0.0,
    -0.4664254220894058,
    0.30174113853355317,
    0.0,
    0.0,
    0.3016865732488236,
    -0.4657686226184418,
    0.0,
    0.1627622119210188,
    0.8838996120641639,
    0.0,
    0.0,
    0.19754334072693946
  ],
  "nn_params": [
    0.08525231356671499,
    0.0024671252654245284,
    -0.0871170945351804,
    -0.001173250949797508,
    -0.0014052911022703453,
    -0.17082529685202533,
    4.256245045774053e-05,
    0.16027020238689627,
    0.3036380594512254,
    0.003337625143930249,
    -0.003336237846595484,
    0.5666042534842224,
    -0.1541826264755378,
    -0.003229772280718092,
    0.5331303179569823,
    -0.37470627226800957,
    -0.0033922111880597943,
    0.003174628893507856,
    -0.3745896155134765,
    0.5338153524460046,
    0.0029958057521064334,
    -0.15536092909475277,
    0.8760694800594137,
    0.0034357279805714482,
    -0.003211408726260645,
    0.25408352148116686
  ],
  "avas_params": [
    0.00044120416362865484,
    0.0,
    -0.004017138642721459,
    0.0,
    0.0,
    0.025637124965533758,
    0.0,
    -0.022059147480191974,
    0.23159814665269107,
    0.0,
    0.0,
    0.5407514509327511,
    0.1610189377964324,
    0.0,
    -0.4788223748811226,
    0.31485755480880556,
    0.0,
    0.0,
    0.3147931920183279,
    -0.47765726974390926,
    0.0,
    0.1612826901581222,
    0.8751288839212008,
    0.0,
    0.0,
    0.19397384270386547
  ]
}