{
  "bond_length": 0.7,
  "hf_vqe_casci_energy": -2.12351377232468,
  "nn_vqe_casci_energy": -0.2072721807530183,
  "avas_vqe_casci_energy": -2.149778281735936,
  "hf_params": [
    -8.055157167874374e-05,
    0.0,
    8.06785290414927e-05,
    0.0,
    0.0,
    0.024392127081689932,
    0.0,
    -0.024373595592528607,
    0.047123461472325864,
    0.0,
    0.0,
    0.01807453351449978,
    -0.03806135126372349,
    0.0,
    0.03806044147020768,
    -7.893637934739834e-06,
    0.0,
    0.0,
    -7.901260919428825e-06,
    0.038060405943593695,
    0.0,
    -0.03806127254458527,
    0.11776737932327944,
    0.0,
    0.0,
    0.046395777322246784
  ],
  "nn_params": [
    -0.008175105804294938,
    1.2136140552692614,
    -0.4176969022117121,
    -1.428619528939158,
    -0.02951947246901872,
    0.5021538745372935,
    2.242191552484416,
    -0.8442582067302729,
    -0.04186076935163801,
    0.04716585885758115,
    -0.05028351675313201,
    -1.673053052714909,
    0.0025914328055076656,
    0.014098459054576656,
    0.0030991266011248845,
    0.33597769883407325,
    -0.5199148354036108,
    -0.12836306302554545,
    0.002064929601689358,
    -0.9512009921408493,
    -0.4151576502309756,
    0.3767717090387389,
    -0.2728188930534923,
    0.006346659160572813,
    0.1440281558665887,
    0.006105960446120666
  ],
  "avas_params": [
    -0.009686274676408493,
    0.0,
    0.009667849475587357,
    0.0,
    0.0,
    0.006528058786108782,
    0.0,
    -0.006516309142332894,
    0.09238916236157396,
    0.0,
    0.0,
    0.058518561803171394,
    -0.04576361299218316,
    0.0,
    0.08185849515248274,
    -0.036110329955945625,
    0.0,
    0.0,
    -0.03611032468716231,
    0.08185848482436467,
    0.0,
    -0.04576346560633624,
    0.23515856003794336,
    0.0,
    0.0,
    0.04603847012531106
  ]
}