{
    "E_opt": {
        "E": -1.1867349777080918,
        "l": 11.25525248963148
    },
    "l_opt": {
        "E": -1.1867349777080864,
        "l": 11.053482872257343,
        "eigvals": [
            -3.1908065659555094,
            -2.094529069295349,
            -1.267150990972396,
            -0.9718593319803362
        ]
    },
    "HF": {
        "E": -1.1649222016457879,
        "l": 7.838791671282694
    },
    "B3LYP": {
        "E": -1.1652318231755157,
        "l": 7.908925761735297
    },
    "sto-3G": {
        "E": -1.026789893316157,
        "l": 19.651493594826313
    },
    "ccpVDZ": {
        "E": -1.2304380670783868
    },
    "proj": [
        [
            0.9075320217587499,
            0.5300389236198966,
            -6.957947056564336e-16,
            -0.020051141438009738,
            4.368297529182244e-17,
            0.7195303556017011,
            0.31332696337460453,
            1.9912173800859662e-15,
            -0.4159003666926987,
            -4.710891982806738e-17,
            0.38870127089646395,
            0.18502899569078718,
            -3.859848098284006e-16,
            -0.36015247420916274,
            -8.584973212031686e-16,
            0.22980480644572673,
            0.09068844183041254,
            5.735471515201345e-16,
            -0.1686960612021072,
            -9.567153553036147e-17
        ],
        [
            0.5300389236198966,
            0.524321871613787,
            9.42289707814753e-16,
            -0.22239554066431208,
            -1.1773442346275097e-15,
            0.3140582973812082,
            0.28655928019052423,
            -9.171739771504032e-16,
            -0.17036204107132102,
            -7.952122236621052e-16,
            0.23137159210675845,
            -0.01450505865822402,
            3.435575052237596e-16,
            -0.08713204024971066,
            -1.4532381372601778e-16,
            0.09128370808955553,
            -0.17803346037686213,
            8.502375072982071e-17,
            -0.22951793624896055,
            -1.321786569225848e-15
        ],
        [
            -6.957947056564335e-16,
            9.42289707814753e-16,
            1.1127251525919139e-29,
            -5.397455886403379e-16,
            -8.248428632483503e-30,
            -4.948527777798269e-16,
            5.753916741652798e-16,
            -1.8000399847070152e-29,
            1.790876461565442e-15,
            -5.080954092553078e-30,
            9.386504038065364e-16,
            -6.992210854019578e-16,
            4.242699167483603e-30,
            1.1394922173885867e-15,
            3.793111138652427e-30,
            4.07801596452921e-16,
            -1.1862585762881838e-15,
            -2.6499655298189995e-30,
            -1.3966544254571578e-15,
            -8.404767978677116e-30
        ],
        [
            -0.02005114143800973,
            -0.22239554066431208,
            -5.39745588640338e-16,
            0.5481268489205184,
            1.0484328512659624e-15,
            0.3876220225070622,
            -0.07028958521979568,
            8.571385554544888e-16,
            0.27990313786215476,
            8.149482859502621e-16,
            0.37580894000146803,
            0.13717350544279217,
            -5.425586946079088e-16,
            -0.2575356313461001,
            1.3501459103800688e-16,
            0.16808306388978464,
            0.22900484913171837,
            -2.1279202434271967e-17,
            -0.23582132191395383,
            1.3253327510539098e-15
        ],
        [
            4.3682975291822454e-17,
            -1.1773442346275097e-15,
            -8.248428632483505e-30,
            1.0484328512659624e-15,
            7.130311196945234e-30,
            4.687204379728492e-16,
            -6.531854023761577e-16,
            1.2967927307634596e-29,
            -7.864202051571891e-16,
            4.676636698256625e-30,
            -4.650290978350317e-16,
            5.33960138850453e-16,
            -3.540532969105677e-30,
            -1.03806417505044e-15,
            -2.075210551536845e-30,
            -3.1779186203184733e-16,
            9.953013019568911e-16,
            1.588881141867512e-30,
            7.498791102739017e-16,
            7.715848960289465e-30
        ],
        [
            0.7195303556017011,
            0.3140582973812082,
            -4.94852777779827e-16,
            0.3876220225070622,
            4.687204379728492e-16,
            0.8919568613831981,
            0.2406899515798929,
            1.5010737231148957e-15,
            -0.0346123723241469,
            3.413599097799831e-16,
            0.6890563229586467,
            0.24641781457393166,
            -5.363284394431012e-16,
            -0.42141194667920256,
            -4.668639402504089e-16,
            0.38840357196087233,
            0.23054710706338097,
            3.4686255787828145e-16,
            -0.37637148755184063,
            5.323352991997454e-16
        ],
        [
            0.31332696337460453,
            0.28655928019052423,
            5.753916741652798e-16,
            -0.07028958521979568,
            -6.531854023761576e-16,
            0.2406899515798929,
            0.17827798090983388,
            -6.126977447325311e-16,
            -0.02084045566886146,
            -4.664676660249639e-16,
            0.2468650157440303,
            0.04023583781196164,
            2.136265316334493e-16,
            0.002158884076937548,
            -1.0246587931438461e-16,
            0.18534817137797485,
            -0.014592649918012344,
            3.520918686272433e-17,
            -0.13749093399001594,
            -7.77056113121659e-16
        ],
        [
            1.9912173800859662e-15,
            -9.171739771504032e-16,
            -1.8000399847070155e-29,
            8.571385554544888e-16,
            1.2967927307634596e-29,
            1.5010737231148955e-15,
            -6.126977447325311e-16,
            3.013100439628334e-29,
            -3.28494144402504e-15,
            8.055321203806203e-30,
            -1.2026345503768725e-15,
            1.1698937303878175e-15,
            -7.146660316547465e-30,
            -2.3887461013022637e-15,
            -6.568338892566356e-30,
            -7.125441321121531e-16,
            1.7285567020326045e-15,
            4.675060597788935e-30,
            1.8600531511572043e-15,
            1.3301676952519304e-29
        ],
        [
            -0.41590036669269864,
            -0.170362041071321,
            1.790876461565442e-15,
            0.2799031378621548,
            -7.86420205157189e-16,
            -0.034612372324146906,
            -0.020840455668861467,
            -3.28494144402504e-15,
            0.7118338128096402,
            -4.471569440752497e-16,
            0.4216445956236125,
            -0.002024757173316549,
            5.995362135581933e-16,
            0.32110135569902926,
            8.869920354319046e-16,
            0.3604346178868038,
            0.08724640695673844,
            -6.447809483448876e-16,
            -0.25751192245359816,
            -7.465981492122901e-16
        ],
        [
            -4.710891982806736e-17,
            -7.952122236621053e-16,
            -5.080954092553079e-30,
            8.149482859502621e-16,
            4.676636698256624e-30,
            3.413599097799831e-16,
            -4.664676660249639e-16,
            8.055321203806203e-30,
            -4.471569440752497e-16,
            3.2323143180037826e-30,
            -3.3281659354416284e-16,
            2.5125571845070065e-16,
            -2.4048190796474395e-30,
            -9.03062858131713e-16,
            -9.815651229762918e-31,
            -4.4769550656889345e-16,
            4.663743411076195e-16,
            8.940656060652577e-31,
            2.736960858332139e-16,
            5.3250181918112345e-30
        ],
        [
            0.38870127089646395,
            0.23137159210675848,
            9.386504038065364e-16,
            0.375808940001468,
            -4.650290978350317e-16,
