{
    "E_opt": {
        "E": -2.1095347536288007,
        "l": 6.288325924535273
    },
    "l_opt": {
        "E": -2.1095347536288,
        "l": 6.283440414322221,
        "eigvals": [
            -1.3910611235992167,
            -1.2561767269674984,
            -1.1292662052571647,
            -1.0286572960493334
        ]
    },
    "HF": {
        "E": -2.075558519895528,
        "l": 5.8648786663084325
    },
    "B3LYP": {
        "E": -2.0924590591097956,
        "l": 6.042664932921522
    },
    "sto-3G": {
        "E": -1.9961503255188093,
        "l": 6.574577016163987
    },
    "ccpVDZ": {
        "E": -2.125246630430521
    },
    "proj": [
        [
            0.7043806386477865,
            0.553917661285093,
            -2.944797756525188e-17,
            -0.021186948872107786,
            4.895037565521869e-17,
            -0.09078119801492873,
            0.10546738892329349,
            5.284523521863517e-17,
            -0.08639493218718546,
            3.7110078761032446e-17,
            0.02290092563771273,
            -0.006079140789778412,
            -3.677106899761147e-17,
            0.020859070949943964,
            6.830913801238953e-18,
            0.01850824427838011,
            0.0165600831495887,
            1.7425275800034683e-17,
            -0.0052784554922336085,
            -2.077110931047266e-18
        ],
        [
            0.553917661285093,
            0.4801742254971845,
            -1.2396840486686983e-17,
            0.0075205013593088515,
            -6.645474337855847e-18,
            0.1063661828162076,
            0.20899317544649557,
            3.344905894788881e-17,
            -0.07532565861250509,
            4.8328538818711614e-17,
            -0.02544961211863585,
            -0.0034520059448574555,
            -3.263093555923248e-17,
            -0.007700302883541146,
            1.892477723669069e-18,
            0.016556494397369604,
            -0.0028885531553030615,
            1.5404809789796078e-17,
            0.0044749833561912745,
            6.5839553637322e-18
        ],
        [
            -2.944797756525187e-17,
            -1.2396840486686983e-17,
            2.9255897175751437e-32,
            5.708778368359874e-18,
            -1.4182397922250234e-32,
            3.986264092149728e-17,
            2.1884592229925993e-17,
            1.664450510742929e-32,
            2.335784196996853e-18,
            -2.068767883586451e-32,
            -1.6511365409784157e-17,
            -3.639104294065369e-17,
            8.1941485442539e-33,
            -2.2685217853036086e-17,
            -6.778277194867773e-33,
            -1.3222605344428265e-16,
            -1.1354487043935244e-16,
            -3.516952307766114e-33,
            1.2031660202912877e-18,
            6.323863806431387e-33
        ],
        [
            -0.021186948872107786,
            0.007520501359308854,
            5.7087783683598754e-18,
            0.013808702961493167,
            -2.5381424511993306e-17,
            0.09991231729099537,
            0.06633136767255034,
            -5.926934036581685e-18,
            -0.001010239349211122,
            1.020853735061699e-17,
            -0.020969302012520515,
            0.004681917700468621,
            -1.2642301296069322e-18,
            -0.013169706319591514,
            -2.268010006199439e-18,
            0.005276697703587179,
            -0.00447641702952244,
            6.57050718541237e-19,
            0.004474713161860031,
            4.6948368479197095e-18
        ],
        [
            4.895037565521869e-17,
            -6.645474337855845e-18,
            -1.4182397922250236e-32,
            -2.5381424511993306e-17,
            6.93940316470597e-32,
            -1.67308911425878e-16,
            -8.323826672320074e-17,
            4.503479733360119e-32,
            1.746883201766006e-17,
            -1.5961393638329534e-32,
            1.6444010584152247e-16,
            8.84253926066325e-17,
            -1.236898301064051e-33,
            2.2596953323829467e-17,
            -1.1097259542067224e-32,
            -1.4037754936919237e-17,
            3.427974076810495e-17,
            4.649435705297088e-33,
            -2.4660613572040557e-17,
            4.544261847083179e-33
        ],
        [
            -0.09078119801492873,
            0.10636618281620763,
            3.986264092149728e-17,
            0.09991231729099538,
            -1.67308911425878e-16,
            0.7395363067518138,
            0.5241639146825833,
            -1.322053257359763e-17,
            -0.0036740198532165176,
            7.76613699277896e-17,
            -0.065476011563983,
            0.09756248943483364,
            -1.4017949640587364e-17,
            -0.09822302495811576,
            -2.7411920545336173e-17,
            0.02288820373051968,
            -0.02545891785413465,
            1.0017962036370654e-17,
            0.020968731654727676,
            4.4081525619767026e-17
        ],
        [
            0.10546738892329346,
            0.20899317544649557,
            2.1884592229926005e-17,
            0.06633136767255034,
            -8.323826672320074e-17,
            0.5241639146825833,
            0.44011954600493786,
            4.389067703546895e-17,
            -0.004699128755897077,
            6.298637788735428e-17,
            0.0975704073465413,
            0.1699945533591634,
            -2.1019031793053184e-17,
            -0.06979710345491633,
            -3.5917477177771833e-17,
            -0.006087797157121825,
            -0.003456252843828397,
            1.706658501504105e-17,
            -0.0046834016147659216,
            4.632782392134381e-17
        ],
        [
            5.284523521863517e-17,
            3.344905894788882e-17,
            1.6644505107429293e-32,
            -5.926934036581686e-18,
            4.503479733360119e-32,
            -1.3220532573597626e-17,
            4.3890677035468943e-17,
            8.019361615277582e-32,
            2.2338558361125618e-17,
            -2.067047799447962e-32,
            2.0583288188615317e-16,
            1.1837296647871168e-16,
            5.945245174166858e-34,
            -1.396606838365621e-17,
            -2.9448160827490164e-32,
            -1.402903728711012e-16,
            -6.531529041556678e-17,
            6.835797489128792e-33,
            -2.924130587692341e-17,
            2.415891940256908e-32
        ],
        [
            -0.08639493218718544,
            -0.07532565861250508,
            2.3357841969968536e-18,
            -0.0010102393492111214,
            1.7468832017660057e-17,
            -0.003674019853216517,
            -0.0046991287558970736,
            2.2338558361125615e-17,
            0.0245182737269777,
            -8.444552760147945e-18,
            0.09822486533600262,
            0.06979885459576056,
            3.632956552054835e-18,
            -0.002083127547599208,
            -1.2548389283698392e-17,
            -0.020858232504003746,
            0.007701334328488206,
            1.4817553780645148e-18,
            -0.013169926249847981,
            9.446427687723899e-18
        ],
        [
            3.7110078761032446e-17,
            4.8328538818711627e-17,
            -2.0687678835864512e-32,
            1.020853735061699e-17,
            -1.5961393638329534e-32,
            7.766136992778958e-17,
            6.29863778873543e-17,
            -2.0670477994479618e-32,
            -8.444552760147945e-18,
            3.2380186942619684e-32,
            -1.4559526088663947e-17,
            3.3422908450930076e-17,
            -1.0558038249292849e-32,
            5.754125269397725e-18,
            4.384844391460942e-33,
            1.2541211485053866e-16,
            9.571204886845407e-17,
            4.560709987066235e-33,
            4.69527242048989e-18,
            -7.587247725157686e-34
        ],
        [
            0.022900925637712736,
            -0.02544961211863583,
            -1.6511365409784166e-17,
