{
    "E_opt": {
        "E": -2.0707659089425308,
        "l": 6.073884756342248
    },
    "l_opt": {
        "E": -2.0707659089425308,
        "l": 6.0060881338607,
        "eigvals": [
            -1.2607141288328187,
            -1.178615978949576,
            -1.0960535299334209,
            -1.0116243280103043
        ]
    },
    "HF": {
        "E": -2.0369731099978705,
        "l": 5.82055987792801
    },
    "B3LYP": {
        "E": -2.057527304358219,
        "l": 5.988781623995528
    },
    "sto-3G": {
        "E": -1.9436920386881207,
        "l": 6.332881186286764
    },
    "ccpVDZ": {
        "E": -2.080753454161541
    },
    "proj": [
        [
            0.6507248176718472,
            0.5406595230997499,
            -3.0274182661791226e-17,
            -0.010834473749667823,
            -1.0758896015443751e-16,
            -0.09184340494913097,
            0.07086516756154138,
            -1.812742137342023e-17,
            -0.05698462423478248,
            -2.5905052292397776e-17,
            0.016389000563792326,
            -0.00787694300594542,
            1.4432044771779014e-17,
            0.01412072350741966,
            2.848851146103598e-17,
            0.01924943162617859,
            0.01882463885050951,
            -6.721105028948892e-18,
            -0.0029913621343131687,
            -1.8666023408144573e-17
        ],
        [
            0.5406595230997499,
            0.48303104437509764,
            -1.5390196513260964e-17,
            0.005304263958129134,
            -5.167634600920145e-17,
            0.0714057133099593,
            0.17329236585833,
            -1.0942944182848033e-17,
            -0.052194473465172,
            -3.655961732656458e-17,
            -0.02425432705647004,
            -0.010774729195368876,
            1.1596153601869516e-17,
            -0.00272443747261554,
            1.8916056919380938e-17,
            0.01883010984930202,
            0.004921714086300675,
            4.930346173672955e-19,
            0.002774778017936558,
            -1.122332965148536e-17
        ],
        [
            -3.0274182661791226e-17,
            -1.5390196513260964e-17,
            8.720113489885775e-33,
            4.516218110717587e-18,
            2.725319955298684e-32,
            3.918292385896948e-17,
            1.3978727200613915e-17,
            1.1282038609053119e-32,
            -3.861743198085281e-18,
            -5.881021765110831e-33,
            -6.456619727559331e-17,
            -4.515237869487916e-17,
            -2.4213585836553428e-33,
            -4.2982022801671804e-18,
            -1.9626653655843112e-33,
            1.9436777547528785e-18,
            -1.3645694408746835e-17,
            -2.4377659293564874e-33,
            6.539522052023306e-18,
            -2.9903923148967034e-33
        ],
        [
            -0.010834473749667822,
            0.005304263958129133,
            4.516218110717587e-18,
            0.006242342435004484,
            1.734374954548618e-17,
            0.06425047677278367,
            0.04758938407691934,
            2.3389553516889812e-18,
            -0.0010005370509047174,
            -5.595510050327165e-18,
            -0.01512474543872408,
            -0.00019153812169104146,
            -3.810830454876621e-19,
            -0.006172223751670126,
            -2.560957914557172e-18,
            0.002993899515871537,
            -0.002772600977511838,
            2.8243141622981135e-18,
            0.002174571922578888,
            2.1369478890948926e-18
        ],
        [
            -1.0758896015443751e-16,
            -5.167634600920145e-17,
            2.7253199552986844e-32,
            1.734374954548618e-17,
            9.004450258668774e-32,
            1.5987148836966856e-16,
            7.66361639725036e-17,
            2.3299460589486325e-32,
            -8.449000392745198e-18,
            -2.3162389608017941e-32,
            -1.754995905173599e-16,
            -1.1977238768933937e-16,
            -6.724517995698054e-33,
            -1.9854808809670257e-17,
            -7.346880247538982e-33,
            -2.5864126043524113e-17,
            -6.553784560240812e-17,
            -3.83754884741037e-33,
            1.8308185095907307e-17,
            -3.301925837035035e-33
        ],
        [
            -0.09184340494913094,
            0.0714057133099593,
            3.918292385896948e-17,
            0.06425047677278367,
            1.5987148836966856e-16,
            0.6715983138552931,
            0.5166335447758392,
            7.161758682909581e-18,
            -0.004486344398307568,
            -5.605792272637176e-17,
            -0.07775817990697237,
            0.06031338996828813,
            -1.0244672702340355e-18,
            -0.06514486928150673,
            -2.631526220389945e-17,
            0.01641607982013027,
            -0.024232818350279732,
            3.535632006149205e-17,
            0.015125498777321993,
            2.955533097743693e-17
        ],
        [
            0.0708651675615414,
            0.17329236585833005,
            1.3978727200613918e-17,
            0.04758938407691934,
            7.66361639725036e-17,
            0.5166335447758392,
            0.4502539251489652,
            -2.3564344397126302e-17,
            -0.004493007763780448,
            -4.5566841940399615e-17,
            0.06029706589461198,
            0.13839301135242144,
            6.067844969972389e-18,
            -0.05034035887481497,
            -1.5232571858950048e-17,
            -0.007854837227255553,
            -0.010760624924911389,
            3.548729316947379e-17,
            0.0001936863093781832,
            3.102386292877094e-17
        ],
        [
            -1.812742137342022e-17,
            -1.0942944182848031e-17,
            1.1282038609053119e-32,
            2.3389553516889804e-18,
            2.329946058948632e-32,
            7.16175868290958e-18,
            -2.3564344397126302e-17,
            5.997364619825765e-32,
            -1.1942348835233406e-17,
            1.2669504099542813e-32,
            -1.301248223513203e-16,
            -6.882255023893014e-17,
            -5.056440718011614e-33,
            1.3213246687167668e-17,
            -4.05135219923364e-33,
            1.6494660961787801e-16,
            1.135196225439754e-16,
            -6.59857880216896e-33,
            1.2829095949805709e-17,
            -1.8379534614340572e-32
        ],
        [
            -0.05698462423478248,
            -0.052194473465172,
            -3.861743198085282e-18,
            -0.0010005370509047172,
            -8.449000392745196e-18,
            -0.004486344398307566,
            -0.004493007763780445,
            -1.1942348835233406e-17,
            0.011650020262459738,
            6.37413361051487e-18,
            0.06514164837887473,
            0.05033761646913259,
            7.2935359826368715e-19,
            -0.0006322573629039632,
            -2.396438018465051e-18,
            -0.014120833524391908,
            0.002723622071909864,
            4.7383053395061164e-18,
            -0.006171926043689542,
            7.359262798668434e-18
        ],
        [
            -2.5905052292397773e-17,
            -3.655961732656459e-17,
            -5.8810217651108315e-33,
            -5.595510050327166e-18,
            -2.3162389608017941e-32,
            -5.605792272637176e-17,
            -4.556684194039961e-17,
            1.2669504099542813e-32,
            6.37413361051487e-18,
            1.8850608579959664e-32,
            4.0600408327656946e-17,
            4.0293650860935447e-17,
            -2.108050605466331e-36,
            1.2485746345920926e-17,
            -1.5100048962093153e-33,
            7.508351836892258e-17,
            7.576100328636104e-17,
            1.1691000067703271e-33,
            -4.20231958807599e-18,
            -2.3947134040773752e-33
        ],
        [
            0.016389000563792288,
            -0.024254327056470036,
