{
    "E_opt": {
        "E": -2.0425967511534764,
        "l": 5.976996431260236
    },
    "l_opt": {
        "E": -2.042596751153474,
        "l": 5.88374425244532,
        "eigvals": [
            -1.1754266529568986,
            -1.109941528237708,
            -1.0463092151285394,
            -0.9917741183296278
        ]
    },
    "HF": {
        "E": -2.007989071477276,
        "l": 5.749186520685463
    },
    "B3LYP": {
        "E": -2.0319656307928424,
        "l": 5.948329218091878
    },
    "sto-3G": {
        "E": -1.909332060042635,
        "l": 6.140968684791742
    },
    "ccpVDZ": {
        "E": -2.0484175852660114
    },
    "proj": [
        [
            0.6031999172900385,
            0.5221224678688634,
            -3.467413270788514e-17,
            -0.005535118211640289,
            8.689847942131858e-18,
            -0.08130154263644146,
            0.049300909335283194,
            -7.862230624881244e-18,
            -0.03691270576133091,
            -1.2546583625943157e-17,
            0.014686831866210531,
            -0.004825900498346955,
            1.761385937018382e-17,
            0.008276294029600477,
            -3.580687647770423e-18,
            0.012779018405602673,
            0.013884941583773602,
            8.470815386747259e-18,
            -0.0018415048315288437,
            -2.8004910178222433e-18
        ],
        [
            0.5221224678688634,
            0.4760314108784165,
            -7.765789333095844e-18,
            0.0033198893103582637,
            1.4091775722146762e-17,
            0.0497445316425619,
            0.14194598741615758,
            4.363228613860038e-18,
            -0.03468610567973102,
            -2.898119519574685e-18,
            -0.015912562403985055,
            -0.009141343371218602,
            1.5036004698339243e-17,
            -0.001163818221992116,
            -4.615242739365025e-18,
            0.013894290825152993,
            0.0060209978119534074,
            -3.6648979749024716e-19,
            0.0012073371633848067,
            -1.206791383261585e-17
        ],
        [
            -3.4674132707885155e-17,
            -7.765789333095833e-18,
            1.2451952301406762e-31,
            8.034297010757345e-18,
            1.0507708242368009e-31,
            9.696455444503798e-17,
            4.189142437637795e-17,
            3.202593896281867e-32,
            -1.3227203455979892e-17,
            3.725018596521115e-32,
            -2.058891758814141e-16,
            -1.2450227059513559e-16,
            -4.1338600260444044e-33,
            4.211907285656318e-18,
            -3.355512577122019e-32,
            1.9335063534579845e-16,
            1.3022165065077216e-16,
            -1.2670979641079863e-32,
            1.431045331862917e-17,
            -1.6766414364468337e-32
        ],
        [
            -0.005535118211640291,
            0.0033198893103582633,
            8.034297010757345e-18,
            0.0027838109640144033,
            2.3107312953345645e-18,
            0.04124060018866311,
            0.033040647991155955,
            3.866749530154981e-18,
            -0.000569738417310379,
            2.828292101899722e-18,
            -0.009548020794811924,
            -0.0012282662438339261,
            -1.9879871615573132e-19,
            -0.002817839717183861,
            -5.019308760690567e-19,
            0.0018446538489394128,
            -0.0012045341311448122,
            -2.6943174911369847e-18,
            0.000945865319780109,
            -3.297305508266513e-18
        ],
        [
            8.689847942131857e-18,
            1.4091775722146765e-17,
            1.0507708242368007e-31,
            2.3107312953345645e-18,
            1.0022095686721565e-31,
            1.0764708714751811e-17,
            -2.301230092809974e-17,
            2.4055785770255037e-32,
            -1.498042429260685e-17,
            3.139914865555925e-32,
            -1.9997910533413105e-16,
            -1.3811709914063445e-16,
            -3.832195727459315e-33,
            8.908008747855274e-18,
            -3.3416022405316274e-32,
            1.7066960466785647e-16,
            1.1307582247910154e-16,
            -6.545318570822288e-33,
            1.3239967448485616e-17,
            -8.799514351983205e-33
        ],
        [
            -0.08130154263644145,
            0.04974453164256191,
            9.696455444503798e-17,
            0.04124060018866311,
            1.0764708714751828e-17,
            0.6190745142092462,
            0.5078155082791542,
            5.203849343968716e-17,
            -0.0037215546838338088,
            3.400944393683663e-17,
            -0.07257329179924839,
            0.040215112074814846,
            -3.302989699748443e-19,
            -0.04268237254733608,
            1.83815729275551e-18,
            0.014733366164179175,
            -0.015871671842362566,
            -3.9439635525847134e-17,
            0.009548208223729863,
            -4.9947662626739353e-17
        ],
        [
            0.04930090933528315,
            0.14194598741615755,
            4.189142437637795e-17,
            0.033040647991155955,
            -2.3012300928099735e-17,
            0.5078155082791542,
            0.4553020839998486,
            3.403097989065894e-17,
            -0.0034701820438766836,
            1.4473591741221712e-17,
            0.04020230968314277,
            0.11461785036790789,
            6.7601346402447564e-18,
            -0.03513681458507132,
            1.4033331913797542e-17,
            -0.004787586091399268,
            -0.00911020900839047,
            -3.028031716145864e-17,
            0.001229286023846972,
            -4.3285419009306353e-17
        ],
        [
            -7.862230624881246e-18,
            4.363228613860038e-18,
            3.202593896281867e-32,
            3.866749530154981e-18,
            2.405578577025504e-32,
            5.203849343968716e-17,
            3.403097989065894e-17,
            9.831676825947941e-33,
            -3.834270786144284e-18,
            1.0232554546402286e-32,
            -5.638810328090484e-17,
            -3.3397594427317945e-17,
            -1.3059035729042541e-33,
            -1.7088386111883732e-18,
            -7.834177006886526e-33,
            3.567899592193007e-17,
            1.9613805785952454e-17,
            -4.617122108837366e-33,
            4.111382202505439e-18,
            -5.573186179161872e-33
        ],
        [
            -0.03691270576133091,
            -0.03468610567973102,
            -1.3227203455979892e-17,
            -0.0005697384173103794,
            -1.498042429260685e-17,
            -0.0037215546838338075,
            -0.0034701820438766844,
            -3.834270786144284e-18,
            0.005356934618410869,
            -4.732548840255533e-18,
            0.04268368788508921,
            0.035137604041056016,
            4.716519439037368e-19,
            -0.00011139706180830589,
            5.816931106830782e-18,
            -0.008277414032130085,
            0.0011631129302145458,
            6.153462674776018e-19,
            -0.002817932925737291,
            5.988776898048285e-19
        ],
        [
            -1.2546583625943157e-17,
            -2.898119519574686e-18,
            3.725018596521115e-32,
            2.8282921018997218e-18,
            3.139914865555925e-32,
            3.400944393683663e-17,
            1.447359174122171e-17,
            1.0232554546402285e-32,
            -4.732548840255532e-18,
            1.1971979534000863e-32,
            -7.497629092435947e-17,
            -5.105770177389199e-17,
            -2.1872045706958508e-33,
            -1.7752841277365868e-19,
            -1.0755743945624094e-32,
            4.2104388833760734e-17,
            2.2189317504472887e-17,
            -3.873709015209706e-33,
            5.197169132926737e-18,
            -4.1008323521862245e-33
        ],
        [
            0.014686831866210536,
            -0.015912562403985062,
