{
    "E_opt": {
        "E": -2.0322084182051596,
        "l": 5.941034429707596
    },
    "l_opt": {
        "E": -2.0322084182051685,
        "l": 5.836323889794189,
        "eigvals": [
            -1.1392128822762784,
            -1.079905608021004,
            -1.0236267843981317,
            -0.9804551577197956
        ]
    },
    "HF": {
        "E": -1.9970209912717083,
        "l": 5.711521705814445
    },
    "B3LYP": {
        "E": -2.0225134341802167,
        "l": 5.925387085009473
    },
    "sto-3G": {
        "E": -1.8977806459898732,
        "l": 6.052664209511134
    },
    "ccpVDZ": {
        "E": -2.03653957742999
    },
    "proj": [
        [
            0.5834851017170735,
            0.5129317401935403,
            1.3698659394809592e-17,
            -0.00395148763591707,
            -7.792853131721183e-17,
            -0.07463816747321124,
            0.04143803347280275,
            -1.308827187653573e-17,
            -0.02968843204746882,
            -1.6702095881232022e-17,
            0.013492030761407576,
            -0.0033045451833559735,
            1.9714653061137384e-17,
            0.006207456936209557,
            -1.237181370417749e-17,
            0.010425849075098444,
            0.01171370479789497,
            -7.196659968447837e-18,
            -0.0013949486354447255,
            2.220004650704403e-17
        ],
        [
            0.5129317401935403,
            0.4708098900171643,
            8.593039900032073e-18,
            0.002529384161721592,
            -4.348245297095037e-17,
            0.04183713707988731,
            0.12740422754798336,
            -1.3745610863916537e-17,
            -0.028077925744895097,
            -1.9510206190299785e-17,
            -0.01234919600055485,
            -0.007636308799363585,
            1.639109033178627e-17,
            -0.0007654667507803696,
            -9.915770137407087e-18,
            0.011726539369419977,
            0.00599425968557501,
            -4.2653899356606385e-18,
            0.0007465100617721033,
            1.6993308747044393e-17
        ],
        [
            1.3698659394809592e-17,
            8.593039900032073e-18,
            2.0449844612118876e-32,
            -1.2264046132429127e-18,
            -2.036022899265459e-32,
            -1.3747246625492517e-17,
            2.374620398872389e-18,
            6.731905879388769e-33,
            3.8350127072747344e-18,
            1.3726883379567748e-34,
            7.409537237416528e-17,
            4.710365102606179e-17,
            -3.407797501385649e-33,
            -3.4555833600292113e-18,
            -6.512529510195693e-33,
            -8.844408200321518e-17,
            -6.621313143619489e-17,
            -3.97293660941432e-33,
            -4.096359137105305e-18,
            -2.5236309555873536e-33
        ],
        [
            -0.003951487635917071,
            0.0025293841617215905,
            -1.2264046132429125e-18,
            0.0018384778284569546,
            8.009493895307456e-18,
            0.032933271673856984,
            0.027173784955545222,
            -6.153484235440894e-19,
            -0.00039578495891886477,
            -1.3717322315087917e-18,
            -0.007363060821324853,
            -0.0012493363697925384,
            -3.7964447090531855e-19,
            -0.0018828997902483346,
            3.5826721685431676e-19,
            0.001398839799457529,
            -0.0007430092606423222,
            6.794006370113815e-19,
            0.0006027000502750764,
            -8.470034329497674e-19
        ],
        [
            -7.792853131721183e-17,
            -4.3482452970950375e-17,
            -2.036022899265459e-32,
            8.009493895307456e-18,
            9.588376383348417e-32,
            1.2515732661641727e-16,
            6.624749045815748e-17,
            -7.017291494101204e-33,
            -8.143819864824642e-18,
            6.145019974954724e-33,
            -2.0095921012495849e-16,
            -1.6171211016928113e-16,
            -6.770712496110676e-33,
            -9.746980385905484e-18,
            2.157695995715022e-32,
            -2.37719863964226e-17,
            -6.013390812433175e-17,
            8.500722487791028e-33,
            1.1747000890080243e-17,
            -1.909455242757767e-32
        ],
        [
            -0.07463816747321131,
            0.04183713707988725,
            -1.3747246625492515e-17,
            0.032933271673856984,
            1.2515732661641727e-16,
            0.5971854997737712,
            0.5021639805433913,
            -7.777210190408606e-18,
            -0.0031948067440854943,
            -2.7408527136072446e-17,
            -0.06798905359086227,
            0.032958849423412116,
            -6.92977928095309e-18,
            -0.03442561749893395,
            -2.375316882709334e-19,
            0.01356164190719732,
            -0.012287768106736836,
            1.0034823445432856e-17,
            0.007363431307871466,
            -1.2287190520185157e-17
        ],
        [
            0.04143803347280274,
            0.12740422754798328,
            2.3746203988723942e-18,
            0.027173784955545222,
            6.62474904581575e-17,
            0.5021639805433914,
            0.45473182467026996,
            -4.5532404344760885e-18,
            -0.0029393011451617217,
            -3.0258766627825385e-17,
            0.03293661500620152,
            0.10338675765274236,
            -2.3816704530854312e-18,
            -0.029019518441107804,
            -1.1687048084246421e-17,
            -0.003245682553045182,
            -0.007588433204263862,
            4.1962002715689266e-18,
            0.0012508920579366097,
            -2.3339885211245586e-18
        ],
        [
            -1.308827187653573e-17,
            -1.374561086391654e-17,
            6.731905879388769e-33,
            -6.153484235440895e-19,
            -7.017291494101204e-33,
            -7.777210190408608e-18,
            -4.55324043447609e-18,
            2.8391076576619787e-33,
            2.4830888180836596e-18,
            5.642278328178766e-34,
            2.91336615505155e-17,
            1.952152832199621e-17,
            -1.559775341206816e-33,
            -9.17823124146569e-19,
            -2.2581667203009548e-33,
            -2.8283156005129704e-17,
            -2.0070615773642446e-17,
            -1.3066785105619675e-33,
            -1.6208727045231747e-18,
            -1.0045278675175933e-33
        ],
        [
            -0.02968843204746882,
            -0.0280779257448951,
            3.835012707274735e-18,
            -0.00039578495891886466,
            -8.143819864824642e-18,
            -0.0031948067440854943,
            -0.0029393011451617217,
            2.4830888180836596e-18,
            0.0035954936391428523,
            -2.049098800159212e-19,
            0.03442553378106221,
            0.0290190503429647,
            -8.887779779817685e-19,
            -2.427376856804712e-05,
            -2.919309904804171e-18,
            -0.006208741211896857,
            0.0007643286300677128,
            -9.457424207649648e-19,
            -0.0018829016016444324,
            7.053129831716022e-19
        ],
        [
            -1.670209588123202e-17,
            -1.9510206190299782e-17,
            1.3726883379567742e-34,
            -1.3717322315087915e-18,
            6.1450199749547225e-33,
            -2.7408527136072446e-17,
            -3.025876662782538e-17,
            5.642278328178765e-34,
            -2.049098800159212e-19,
            3.834709229031879e-33,
            -2.2001289958067262e-17,
            -2.6855412698527774e-17,
            -1.588076059411704e-33,
            4.01338701478268e-19,
            3.4147310288227064e-33,
            -1.9576376786324976e-17,
            -2.1023908989862054e-17,
            3.0600171024237597e-34,
            1.0441296820620934e-18,
            -3.428762163425014e-33
        ],
        [
            0.01349203076140755,
