{
    "E_opt": {
        "E": -2.023921906613971,
        "l": 5.904376340762346
    },
    "l_opt": {
        "E": -2.0239219066139684,
        "l": 5.789072679916515,
        "eigvals": [
            -1.105711541944433,
            -1.0523950909735962,
            -1.0030927154022817,
            -0.9686524138489033
        ]
    },
    "HF": {
        "E": -1.988135787732579,
        "l": 5.67400900166368
    },
    "B3LYP": {
        "E": -2.0149533267546778,
        "l": 5.903348756173983
    },
    "sto-3G": {
        "E": -1.8891148747139384,
        "l": 5.968743542008116
    },
    "ccpVDZ": {
        "E": -2.027102880600965
    },
    "proj": [
        [
            0.5662238681048877,
            0.5040692249997559,
            1.4002401181828775e-17,
            -0.002812647741226917,
            7.513617057482549e-17,
            -0.06783777512468658,
            0.03488104668860959,
            -1.444339122052643e-17,
            -0.023882767191344786,
            -2.5167175169178396e-17,
            0.0121197995315795,
            -0.0020471758321735116,
            -1.7980316420005284e-17,
            0.00461763997766605,
            -1.6057433207993205e-17,
            0.008690425237002095,
            0.009936571479220689,
            -8.21697085995346e-19,
            -0.0010316800477569565,
            4.10351080249136e-18
        ],
        [
            0.5040692249997559,
            0.4649521639365566,
            5.251974659472549e-18,
            0.001890879644126278,
            5.466399606815766e-17,
            0.0351946143810388,
            0.11358858504907046,
            -1.0854337550570523e-17,
            -0.022662464605663818,
            -2.2246006200476692e-17,
            -0.009395701312076152,
            -0.006153102245124007,
            -1.501419473976097e-17,
            -0.0004914775458349428,
            -1.1355482230921061e-17,
            0.009933829878123966,
            0.005819624078866789,
            -2.600011343132553e-18,
            0.00044247320578830396,
            3.2329886033608426e-20
        ],
        [
            1.4002401181828778e-17,
            5.251974659472548e-18,
            4.7310320324514024e-33,
            -2.0070015322647695e-18,
            9.905245238808963e-34,
            -4.577266132569647e-17,
            -3.985744919691573e-17,
            -3.250913142972945e-33,
            -8.302485513927005e-19,
            -1.3316684075047283e-33,
            -8.069219593972555e-18,
            -1.038802718891638e-17,
            -1.1228161122774936e-33,
            3.0702683977231626e-18,
            -4.061073043010685e-33,
            2.0051275692421278e-17,
            1.769155576010495e-17,
            4.457096430376947e-34,
            1.3093856585463272e-19,
            1.3199872598322965e-33
        ],
        [
            -0.0028126477412269155,
            0.0018908796441262775,
            -2.0070015322647695e-18,
            0.0012055139669594843,
            -3.765505004646593e-18,
            0.02624410548466847,
            0.02218510841395553,
            5.974661185985763e-19,
            -0.00026464616005755564,
            1.4988581157505557e-19,
            -0.005587124313208447,
            -0.0011343238097583084,
            3.5679179078901904e-19,
            -0.0012496340627332978,
            8.732468375620785e-19,
            0.0010309376508069541,
            -0.0004431434462398557,
            -5.465450288889551e-19,
            0.00037625067606147976,
            -1.0028486117513154e-18
        ],
        [
            7.513617057482549e-17,
            5.466399606815767e-17,
            9.905245238808963e-34,
            -3.765505004646593e-18,
            5.471634986611625e-32,
            -7.001996628442325e-17,
            -3.081280484670717e-17,
            8.713707903625058e-33,
            3.560680159351788e-18,
            -9.74992095978978e-34,
            1.323939170260728e-16,
            9.229664298198212e-17,
            -1.638810569451318e-33,
            -1.3117872307728359e-20,
            1.1840766136613854e-32,
            -9.374359505301737e-17,
            -6.230899645535206e-17,
            -1.0170660021829975e-33,
            -6.258898006518655e-18,
            5.903269393272311e-33
        ],
        [
            -0.0678377751246866,
            0.03519461438103874,
            -4.577266132569647e-17,
            0.026244105484668465,
            -7.001996628442324e-17,
            0.5776863370942302,
            0.49583048618011893,
            1.8357267672731064e-17,
            -0.002651832003267759,
            3.368619471795375e-18,
            -0.06288960766394693,
            0.026999512151045152,
            8.665522950083563e-18,
            -0.02771246777265936,
            2.781577849728175e-17,
            0.012106392124852206,
            -0.009407066971349342,
            -1.694670475206866e-17,
            0.005586927883482396,
            -2.050976126502219e-17
        ],
        [
            0.0348810466886096,
            0.11358858504907046,
            -3.985744919691573e-17,
            0.022185108413955528,
            -3.0812804846707164e-17,
            0.49583048618011893,
            0.45240915370475726,
            2.0478541251632026e-17,
            -0.0024217503259942536,
            -1.4920608697303718e-18,
            0.02700769354718741,
            0.0926447517967504,
            5.451290927225409e-18,
            -0.02381998898653959,
            3.301741696084049e-17,
            -0.0020550569570739253,
            -0.006158088478026696,
            -2.1592697747080977e-17,
            0.0011337552556229104,
            -1.5210302184099648e-17
        ],
        [
            -1.4443391220526428e-17,
            -1.0854337550570523e-17,
            -3.250913142972945e-33,
            5.974661185985764e-19,
            8.713707903625058e-33,
            1.835726767273106e-17,
            2.0478541251632023e-17,
            5.173924114309574e-33,
            2.7613123077279354e-18,
            9.786092971744205e-34,
            4.5185226492855696e-17,
            3.966828592622967e-17,
            1.1693578230477212e-33,
            -1.597201328876732e-18,
            7.692323526113375e-33,
            -2.0346432220558728e-17,
            -1.1317982979271777e-17,
            -3.0880279207435643e-33,
            -1.9299802217342626e-18,
            5.461790651063632e-34
        ],
        [
            -0.023882767191344786,
            -0.022662464605663814,
            -8.302485513927008e-19,
            -0.00026464616005755553,
            3.560680159351788e-18,
            -0.0026518320032677583,
            -0.0024217503259942514,
            2.7613123077279357e-18,
            0.0023995626207931335,
            9.421753852682345e-19,
            0.027713980997453126,
            0.02382178790895445,
            9.842441308047985e-19,
            1.0627510585401082e-05,
            4.3192422806852955e-18,
            -0.0046161648656039295,
            0.0004930438008926567,
            -2.1445603858501073e-18,
            -0.0012496959485310656,
            7.484353770055128e-19
        ],
        [
            -2.5167175169178396e-17,
            -2.2246006200476695e-17,
            -1.3316684075047285e-33,
            1.498858115750556e-19,
            -9.74992095978978e-34,
            3.3686194717953742e-18,
            -1.4920608697303731e-18,
            9.786092971744207e-34,
            9.421753852682345e-19,
            1.9847915659012366e-33,
            -3.697054661355342e-18,
            -6.226450797636341e-18,
            8.132254794347961e-34,
            -1.1715664721965498e-18,
            7.07054375266586e-35,
            -2.177900283565355e-17,
            -2.0450648435322545e-17,
            2.5670895572879797e-33,
            2.0062665277226284e-19,
            -2.9367754656877562e-34
        ],
        [
            0.01211979953157949,
