{
    "E_opt": {
        "E": -2.0174184853412633,
        "l": 5.867396498000014
    },
    "l_opt": {
        "E": -2.01741848534126,
        "l": 5.745952726366842,
        "eigvals": [
            -1.0753561571124184,
            -1.0268793180041493,
            -0.9837273876894218,
            -0.956886396995112
        ]
    },
    "HF": {
        "E": -1.9810666516983184,
        "l": 5.640001326751058
    },
    "B3LYP": {
        "E": -2.008994323778695,
        "l": 5.880760000793696
    },
    "sto-3G": {
        "E": -1.8827126374318468,
        "l": 5.888882542321657
    },
    "ccpVDZ": {
        "E": -2.019730654441884
    },
    "proj": [
        [
            0.5508865286088456,
            0.495433814600062,
            -1.570115125950802e-17,
            -0.0019864445696564296,
            7.819140495894744e-17,
            -0.06102396971746633,
            0.029507919569083267,
            -4.3180411091728256e-19,
            -0.019208905190714533,
            -2.1684854168299658e-17,
            0.010854429551479524,
            -0.0009167498137109051,
            1.6024146336548692e-18,
            0.0034003240192440813,
            -1.1330209506809195e-17,
            0.007222244417696663,
            0.008351297182963638,
            -2.1026257162191887e-17,
            -0.0007530988518088605,
            2.3904838377557497e-18
        ],
        [
            0.495433814600062,
            0.4586134746679581,
            -1.1698306558738864e-17,
            0.0014032089181439948,
            5.769534450513384e-17,
            0.029750855070577936,
            0.10078648175459148,
            1.3836419692826833e-18,
            -0.018247928501915842,
            -2.2605038992607566e-17,
            -0.006835025468547442,
            -0.004643590856668196,
            -2.5349185163517404e-18,
            -0.000316371509131637,
            -7.695765961361983e-18,
            0.008351952806691883,
            0.005465589873433398,
            -1.6465495949311614e-17,
            0.00024422387398885574,
            2.6070908388472368e-18
        ],
        [
            -1.570115125950802e-17,
            -1.1698306558738861e-17,
            1.0016354394569533e-32,
            6.063328335106435e-19,
            1.2600616914164518e-32,
            1.8284454705299917e-17,
            1.6218707187297626e-17,
            -3.0617640689729058e-34,
            1.0753751754653573e-18,
            5.2277466469274255e-33,
            1.2299753931071723e-17,
            2.9535166208202604e-18,
            4.118537755843589e-33,
            -3.235987071584769e-18,
            3.859240335838728e-33,
            -7.023044983995607e-17,
            -6.274213606648829e-17,
            -4.523050250945886e-37,
            -3.451767246901862e-19,
            2.552976320221112e-33
        ],
        [
            -0.0019864445696564305,
            0.0014032089181439953,
            6.063328335106435e-19,
            0.0007869617248218259,
            -3.447333238101301e-18,
            0.02090037686926408,
            0.01802365342042014,
            4.377738676499081e-19,
            -0.00017212209300442177,
            -7.045164535959033e-19,
            -0.004178113685664029,
            -0.0009560309132683765,
            -9.99981049834058e-19,
            -0.0008253850293686169,
            6.36852368401078e-19,
            0.000753288907685824,
            -0.0002440500620503483,
            6.77819923192304e-19,
            0.00023079596945926338,
            9.155608769313332e-20
        ],
        [
            7.819140495894746e-17,
            5.769534450513384e-17,
            1.2600616914164518e-32,
            -3.4473332381013014e-18,
            5.572225066713023e-32,
            -8.955314826735038e-17,
            -6.277741432195899e-17,
            -2.921214760331098e-33,
            -6.908816888417894e-19,
            9.549736780118467e-33,
            4.107443807234436e-17,
            4.747065837438629e-18,
            1.3524909351913102e-32,
            -1.0096641245246679e-18,
            2.2170203027311553e-33,
            -1.3402269022982032e-16,
            -1.154102319896233e-16,
            -7.516649419108862e-33,
            -1.7883424670848812e-18,
            4.79676213076103e-33
        ],
        [
            -0.061023969717466334,
            0.029750855070577936,
            1.8284454705299917e-17,
            0.020900376869264083,
            -8.955314826735038e-17,
            0.5605444718513959,
            0.4893082370105007,
            1.0875397573679145e-17,
            -0.0021444534163252158,
            -1.6097206538833935e-17,
            -0.05745489469347551,
            0.022290835499043888,
            -2.7318949574222813e-17,
            -0.022284542041465082,
            1.4004279547860812e-17,
            0.010858189376811513,
            -0.006832670824087156,
            1.9597033341805285e-17,
            0.004178378272172908,
            1.914506383281393e-18
        ],
        [
            0.029507919569083295,
            0.1007864817545915,
            1.6218707187297623e-17,
            0.01802365342042014,
            -6.2777414321959e-17,
            0.4893082370105007,
            0.44902248375000753,
            8.488549443964782e-18,
            -0.0019491656475663706,
            -1.4411560192129738e-17,
            0.022280866737235224,
            0.08267769575168095,
            -2.4769645562000754e-17,
            -0.019464531733982778,
            6.488132266158052e-18,
            -0.000915114172043537,
            -0.004644597668585406,
            1.5749912211233245e-17,
            0.000956646985913035,
            1.3879536774390772e-18
        ],
        [
            -4.3180411091728405e-19,
            1.3836419692826831e-18,
            -3.0617640689729066e-34,
            4.377738676499081e-19,
            -2.9212147603310984e-33,
            1.0875397573679144e-17,
            8.488549443964784e-18,
            3.6190125766148945e-34,
            -4.1180344990679506e-19,
            -9.149525856162183e-34,
            -9.573797937169717e-18,
            -6.562342133571414e-18,
            -6.6493806560442715e-34,
            -3.0797516681586046e-19,
            5.892456589971429e-34,
            4.488676110137005e-18,
            2.506284805986511e-18,
            2.3529032338627035e-34,
            3.9122373397383826e-19,
            6.554740114248742e-36
        ],
        [
            -0.019208905190714533,
            -0.018247928501915842,
            1.0753751754653575e-18,
            -0.0001721220930044218,
            -6.908816888417893e-19,
            -0.002144453416325216,
            -0.0019491656475663704,
            -4.11803449906795e-19,
            0.0015943793697905484,
            1.854726004869509e-18,
            0.02228174555579794,
            0.019461833505858873,
            -1.0958081031065631e-19,
            2.090162328686307e-05,
            -1.0513334510447072e-18,
            -0.0034008326667730997,
            0.00031548942456996476,
            1.0815424520980353e-18,
            -0.0008252841563129643,
            -3.324425419493256e-19
        ],
        [
            -2.1684854168299658e-17,
            -2.260503899260757e-17,
            5.2277466469274255e-33,
            -7.045164535959033e-19,
            9.549736780118467e-33,
            -1.6097206538833932e-17,
            -1.4411560192129738e-17,
            -9.149525856162182e-34,
            1.854726004869509e-18,
            4.810907548796381e-33,
            2.4215229917686153e-17,
            1.4004325563647776e-17,
            3.244045063155404e-33,
            -7.119074749944344e-19,
            7.2698249613034816e-34,
            -3.9310071685883704e-17,
            -3.209247797411984e-17,
            4.337479455231743e-36,
            -9.270992453031628e-19,
            9.993025416925398e-34
        ],
        [
            0.010854429551479538,
