{
    "E_opt": {
        "E": -1.749175019580612,
        "l": 10.593275700368547
    },
    "l_opt": {
        "E": -1.7491750195805942,
        "l": 10.476857130745577,
        "eigvals": [
            -2.8370055672675507,
            -1.9870127699653133,
            -1.3358244304496756,
            -0.805734308972544
        ]
    },
    "HF": {
        "E": -1.7259122995492886,
        "l": 6.7151226969232045
    },
    "B3LYP": {
        "E": -1.72627285518199,
        "l": 6.791951307561112
    },
    "sto-3G": {
        "E": -1.6531169519401105,
        "l": 15.025846454415039
    },
    "ccpVDZ": {
        "E": -1.7937465619618296
    },
    "proj": [
        [
            0.8706793414443763,
            0.5736093327012749,
            1.5060399163141096e-16,
            -0.06521544649043023,
            1.392761652382902e-16,
            0.5987319064976871,
            0.3682666978422574,
            4.3475643267124633e-17,
            -0.41870171934258926,
            4.957195085346153e-17,
            0.2731794222245756,
            0.16983691701560275,
            2.178108345582084e-16,
            -0.24667241265526846,
            2.2784845653343665e-17,
            0.13653943863795776,
            0.026007478496367274,
            3.0764746018355336e-17,
            -0.09683777398785122,
            6.389944165183809e-18
        ],
        [
            0.5736093327012749,
            0.44434360203989903,
            -6.241224645055692e-17,
            -0.16037417633437545,
            -1.784376678788173e-17,
            0.31318205491595213,
            0.26555033693363106,
            3.846625002713637e-16,
            -0.22791772810890695,
            1.9354049000226408e-16,
            0.19207093583342102,
            0.052723373228161736,
            -1.1352675322584555e-16,
            -0.11401234949376349,
            -1.9245511720676003e-16,
            0.02600653261091291,
            -0.08708610911838856,
            6.871768109165476e-17,
            -0.1656332466669321,
            8.133996499361224e-17
        ],
        [
            1.5060399163141091e-16,
            -6.241224645055689e-17,
            5.923340845930318e-31,
            4.245427333157822e-16,
            4.336162121894866e-31,
            4.189113259314771e-16,
            -1.4027306966873485e-17,
            -1.0282600004986793e-30,
            -1.8056330876725608e-16,
            -6.1996299185107e-31,
            -2.182571632366491e-17,
            9.494043034263915e-17,
            8.891627881755814e-31,
            -4.637991116929914e-16,
            8.530935221766317e-31,
            -9.765088025421051e-17,
            8.644495030745731e-17,
            -1.139053812060641e-31,
            7.787935252844238e-17,
            -2.9374116413123784e-31
        ],
        [
            -0.06521544649043028,
            -0.16037417633437545,
            4.245427333157822e-16,
            0.5019547923889665,
            3.341912259227362e-16,
            0.3974257690743338,
            -0.019840975077420317,
            -6.939234730776654e-16,
            0.20673162264017741,
            -3.587770147049333e-16,
            0.26627647918878594,
            0.1320939688389928,
            5.538759672887325e-16,
            -0.3173149051011474,
            6.166074558809772e-16,
            0.09690031635176079,
            0.16566646952139505,
            -6.375638927675092e-17,
            -0.1240007685135259,
            -2.366786978033988e-16
        ],
        [
            1.392761652382902e-16,
            -1.7843766787881706e-17,
            4.336162121894866e-31,
            3.341912259227362e-16,
            3.2561166172658425e-31,
            3.602148457318202e-16,
            1.4351758172528517e-17,
            -7.059329982057963e-31,
            -9.630827986893837e-17,
            -4.304183336159241e-31,
            4.8948587879767723e-17,
            7.838005092174035e-17,
            6.320147764326031e-31,
            -3.6754652589552457e-16,
            6.2227273738528905e-31,
            -6.158177606055377e-17,
            5.680462832170279e-17,
            -7.183930402346419e-32,
            -4.07521948079715e-18,
            -2.158872959885679e-31
        ],
        [
            0.5987319064976871,
            0.31318205491595213,
            4.1891132593147714e-16,
            0.39742576907433386,
            3.602148457318202e-16,
            0.833726526489935,
            0.2933591656286367,
            -4.150987026384598e-16,
            -0.028847774889921487,
            -1.5721053018966755e-16,
            0.5688975435430557,
            0.26953010881325096,
            5.18784966103401e-16,
            -0.418981949318521,
            4.452801106836258e-16,
            0.2732152590436844,
            0.19208853742640586,
            -7.743779743769654e-18,
            -0.2662436780752551,
            -1.7129378263136617e-16
        ],
        [
            0.3682666978422574,
            0.2655503369336311,
            -1.4027306966873485e-17,
            -0.01984097507742032,
            1.4351758172528508e-17,
            0.29335916562863673,
            0.19490678461710173,
            1.9901545867823935e-16,
            -0.054809482205403555,
            1.6363065200554365e-16,
            0.2695111846679728,
            0.10710361283317624,
            -5.921089659411127e-17,
            -0.04368731626645384,
            -1.255845561645319e-16,
            0.16981131155200285,
            0.05270747575709349,
            4.062228622805534e-17,
            -0.13208476954683457,
            4.001297225285027e-17
        ],
        [
            4.347564326712462e-17,
            3.846625002713637e-16,
            -1.0282600004986793e-30,
            -6.939234730776654e-16,
            -7.059329982057963e-31,
            -4.150987026384598e-16,
            1.9901545867823933e-16,
            2.1223507816846296e-30,
            3.636515383836353e-16,
            1.169767673907776e-30,
            3.0172786129318413e-16,
            -1.7341466965817305e-16,
            -1.6313826015062152e-30,
            5.517959901996723e-16,
            -1.4736911338478981e-30,
            6.179017923567534e-17,
            -3.1763428181865873e-16,
            2.7612274613497797e-31,
            -4.963688354309861e-16,
            5.150359054629676e-31
        ],
        [
            -0.4187017193425892,
            -0.22791772810890698,
            -1.8056330876725608e-16,
            0.20673162264017741,
            -9.630827986893836e-17,
            -0.028847774889921476,
            -0.054809482205403555,
            3.6365153838363527e-16,
            0.6374115328701467,
            2.949425720238473e-16,
            0.4190060989632953,
            0.043650276209160545,
            -4.0656387470776513e-16,
            0.15941373299571923,
            -2.1872552433187453e-16,
            0.24663103672837894,
            0.11398262015358405,
            6.031294959141404e-17,
            -0.3173939979245295,
            3.6437089960146365e-17
        ],
        [
            4.9571950853461554e-17,
            1.935404900022641e-16,
            -6.199629918510701e-31,
            -3.5877701470493336e-16,
            -4.304183336159242e-31,
            -1.5721053018966755e-16,
            1.6363065200554368e-16,
            1.169767673907776e-30,
            2.949425720238473e-16,
            8.318478639457966e-31,
            3.89618256970367e-16,
            6.55841190135124e-17,
            -9.880533079722386e-31,
            5.297564294831555e-16,
            -1.0130596253821823e-30,
            4.3094580196585207e-16,
            9.643591419157518e-17,
            1.4243526134181308e-31,
            -1.9356852232862214e-16,
            3.2820860236270973e-31
        ],
        [
            0.2731794222245756,
            0.19207093583342108,
            -2.1825716323664894e-17,
            0.266276479188786,
