{
    "E_opt": {
        "E": -2.1518042597433156,
        "l": 8.955225244160685
    },
    "l_opt": {
        "E": -2.151804259743296,
        "l": 8.82435298600225,
        "eigvals": [
            -2.3201754097240035,
            -1.783346231804781,
            -1.3569515114747606,
            -0.7629818519284332
        ]
    },
    "HF": {
        "E": -2.1235731507204982,
        "l": 6.216417672006778
    },
    "B3LYP": {
        "E": -2.1251717689084635,
        "l": 6.356550734638171
    },
    "sto-3G": {
        "E": -2.1069969150952805,
        "l": 10.012281220281544
    },
    "ccpVDZ": {
        "E": -2.194419811727665
    },
    "proj": [
        [
            0.8641208988271948,
            0.58497732339192,
            -2.2344793203503497e-16,
            -0.1391134678167262,
            -2.5027689683845975e-17,
            0.3380494950435347,
            0.3678611909417985,
            -6.991487241470619e-17,
            -0.38805013699924734,
            -8.330736123929459e-18,
            0.11463653432966694,
            0.11674654976760705,
            -2.7250253219390316e-17,
            -0.061358351914106005,
            1.1791897842842178e-16,
            0.05339422734097732,
            -0.019287335868165216,
            7.786733207810449e-18,
            -0.025556982199070415,
            -1.10725980931731e-16
        ],
        [
            0.58497732339192,
            0.4083079857767767,
            -1.0849755982831152e-16,
            -0.05174755421204229,
            -2.1787288422360228e-17,
            0.29440387628708475,
            0.27030862381737825,
            -3.941914912119301e-17,
            -0.23686317454181494,
            -8.26911691626004e-18,
            0.11048554914426667,
            0.08180814740258617,
            -4.102621481866046e-17,
            -0.11016265424015032,
            7.757857742669682e-17,
            -0.019277508070213997,
            -0.04284889479344634,
            1.3384420297895643e-17,
            -0.055971968102884545,
            -5.801383679897871e-17
        ],
        [
            -2.234479320350349e-16,
            -1.0849755982831151e-16,
            4.208937849546681e-31,
            3.5943189136668363e-16,
            1.3377372772113843e-31,
            3.573190654948598e-16,
            1.4528561413755444e-17,
            1.6003647461189795e-31,
            7.960974794662722e-17,
            -6.702740042402232e-32,
            -3.6169025604517856e-17,
            3.3462194371170295e-17,
            6.033418438720618e-32,
            -2.90601647523283e-16,
            -8.508412959672383e-32,
            -5.2949460585974195e-17,
            -1.24515141329504e-18,
            -8.627537500809643e-33,
            5.5190682026608124e-17,
            1.541064219175231e-32
        ],
        [
            -0.1391134678167262,
            -0.05174755421204227,
            3.5943189136668363e-16,
            0.33276637852607965,
            4.031789526521983e-17,
            0.395904222222701,
            0.07599897868603048,
            1.2457944052743444e-16,
            0.1165207292230897,
            -7.047044882623544e-17,
            0.10786673785643981,
            0.10133947170214938,
            3.150737408453095e-17,
            -0.2565179337374902,
            -5.346557082031595e-17,
            0.025481923528550096,
            0.05592480389497881,
            -4.422494424605466e-18,
            -0.011717481383913363,
            1.9798410960839355e-17
        ],
        [
            -2.502768968384597e-17,
            -2.1787288422360228e-17,
            1.3377372772113845e-31,
            4.0317895265219835e-17,
            3.163993210258685e-31,
            -4.3678755143790063e-17,
            -1.0320502580492275e-16,
            1.020296092363171e-31,
            -2.5815923360919605e-16,
            5.6715011219807684e-33,
            -4.698020663400743e-16,
            -1.8822561463447982e-16,
            1.0874346309781323e-31,
            -1.0315705418737059e-16,
            -7.269299021087445e-32,
            -2.060995751040207e-16,
            -1.7368141867604543e-16,
            -1.8270551154861904e-32,
            2.4746986970122157e-16,
            -6.100451398955724e-32
        ],
        [
            0.3380494950435347,
            0.2944038762870848,
            3.573190654948598e-16,
            0.395904222222701,
            -4.367875514379005e-17,
            0.8099488352033166,
            0.3700894214194323,
            1.1196915780545451e-16,
            0.00523847592536065,
            -1.0972668924219532e-16,
            0.36195520528526814,
            0.2711502648574001,
            -5.1566088437922336e-18,
            -0.3971259040522267,
            1.4314780539868856e-17,
            0.11457007567145659,
            0.1104434377265711,
            5.003369659606607e-18,
            -0.10794438134778896,
            -1.9534437685568603e-17
        ],
        [
            0.3678611909417985,
            0.2703086238173783,
            1.4528561413755444e-17,
            0.07599897868603048,
            -1.0320502580492279e-16,
            0.3700894214194323,
            0.2532771599718712,
            -1.009462196671608e-17,
            -0.04668357037634468,
            -4.0401398600986845e-17,
            0.2712391120768509,
            0.1732207522241826,
            -3.3958584289223287e-17,
            -0.11307585351124542,
            5.783694848484153e-17,
            0.11676141272490707,
            0.08181984866355563,
            7.28974716534058e-18,
            -0.10141839993507427,
            -2.5310718572112623e-17
        ],
        [
            -6.991487241470617e-17,
            -3.941914912119301e-17,
            1.6003647461189793e-31,
            1.2457944052743444e-16,
            1.020296092363171e-31,
            1.1196915780545451e-16,
            -1.009462196671608e-17,
            7.499872919771436e-32,
            -3.3320653418786535e-17,
            -2.766385975683439e-32,
            -9.757423321745376e-17,
            -5.394853565873187e-18,
            5.929849355112448e-32,
            -8.581397137124681e-17,
            -4.062840763469436e-32,
            2.2250036339557873e-18,
            4.0226502083406625e-18,
            -1.2967762150090815e-32,
            8.799450077696362e-17,
            -1.9741514419753468e-32
        ],
        [
            -0.38805013699924734,
            -0.23686317454181494,
            7.960974794662722e-17,
            0.11652072922308973,
            -2.5815923360919605e-16,
            0.005238475925360679,
            -0.04668357037634468,
            -3.332065341878653e-17,
            0.4431671741973587,
            -8.987065226762451e-18,
            0.39730934533945766,
            0.11318494734997452,
            -1.1205165323514415e-16,
            -0.007960496768640295,
            -5.462462840369471e-19,
            0.061494927614401944,
            0.11027109151360025,
            2.4196854805721043e-17,
            -0.25657600859656127,
            1.3021051306290258e-16
        ],
        [
            -8.330736123929447e-18,
            -8.269116916260043e-18,
            -6.702740042402232e-32,
            -7.047044882623544e-17,
            5.671501121980774e-33,
            -1.097266892421953e-16,
            -4.0401398600986845e-17,
            -2.7663859756834396e-32,
            -8.987065226762448e-18,
            2.669246919348644e-32,
            -5.1130728459485815e-17,
            -6.225914660777308e-17,
            -2.9657280035943513e-32,
            1.6443051619973254e-17,
            4.4509903916533405e-33,
            -9.970034067341488e-17,
            -7.259942480585952e-17,
            9.708876960552298e-33,
            -2.0359840668613775e-17,
            1.5777838505887388e-32
        ],
        [
            0.11463653432966694,
            0.11048554914426674,
            -3.616902560451787e-17,
