{
    "E_opt": {
        "E": -2.2036843676696036,
        "l": 6.926559365120992
    },
    "l_opt": {
        "E": -2.203684367669601,
        "l": 6.854459555617902,
        "eigvals": [
            -1.7301291715602083,
            -1.4595896584964037,
            -1.240336486782177,
            -1.0059366414642958
        ]
    },
    "HF": {
        "E": -2.1683060269384558,
        "l": 6.069033105611315
    },
    "B3LYP": {
        "E": -2.1754709836590727,
        "l": 6.243637482394805
    },
    "sto-3G": {
        "E": -2.1379705268436227,
        "l": 7.254820457302353
    },
    "ccpVDZ": {
        "E": -2.2335529973728403
    },
    "proj": [
        [
            0.8409175777388332,
            0.5748454092930794,
            1.13804549421013e-16,
            -0.08251429483132167,
            3.110515689384515e-16,
            -0.026025017189478583,
            0.21479061759765006,
            1.4601677967681817e-16,
            -0.2064930125961365,
            1.2172857477406283e-16,
            0.026239808043743373,
            0.012201705317539644,
            -1.423083185297344e-18,
            0.03400190152674567,
            -4.3479532006420175e-17,
            0.02627329463907494,
            6.950358444653146e-05,
            3.819998003476364e-18,
            -0.010919068703249374,
            -2.170980057152147e-17
        ],
        [
            0.5748454092930794,
            0.44872470861493324,
            -3.7192279582694217e-17,
            0.002872997231279791,
            9.419777733317632e-17,
            0.19852734322601567,
            0.2642647103204592,
            5.010413225495741e-17,
            -0.14819876673691426,
            2.918129895592368e-17,
            -0.004580413688351471,
            0.032805321855748304,
            -6.414322018785136e-18,
            -0.03811914557236671,
            -3.7930818106191856e-17,
            0.00012071205784663718,
            -0.0264679069820067,
            1.5599709736370112e-17,
            0.003985203054207352,
            -1.3875220964881611e-17
        ],
        [
            1.1380454942101301e-16,
            -3.71922795826942e-17,
            2.576429593904119e-31,
            -1.3600834842889892e-16,
            2.8639433257176413e-31,
            -4.581307695334724e-16,
            -2.183053474257039e-16,
            1.2023004262329498e-31,
            -1.2812264330664826e-17,
            1.3563305616885274e-31,
            4.6075938369664057e-17,
            -7.003336513587969e-17,
            1.3140610294699912e-32,
            1.1685892345890617e-16,
            1.4626040498069206e-32,
            -2.477428516930649e-17,
            8.878353983725015e-18,
            -2.9261663915389384e-32,
            -3.009151771761216e-17,
            -3.0383061175188408e-33
        ],
        [
            -0.08251429483132167,
            0.0028729972312797917,
            -1.3600834842889892e-16,
            0.07247144831808831,
            -1.5587056327889996e-16,
            0.2376550710901845,
            0.10794866678485143,
            -6.57001050849037e-17,
            0.013936008157443754,
            -7.345335799014551e-17,
            -0.01894219252040169,
            0.038746493295421174,
            -6.360039156324126e-18,
            -0.061626712690962364,
            -6.8136217501037085e-18,
            0.010978033760256902,
            -0.003939986907215224,
            1.4741180039806513e-17,
            0.01424627715547324,
            1.755244126221937e-18
        ],
        [
            3.110515689384515e-16,
            9.419777733317633e-17,
            2.8639433257176413e-31,
            -1.5587056327889996e-16,
            3.7625111713569003e-31,
            -4.560431642822602e-16,
            -1.449656534749373e-16,
            1.6669539152495807e-31,
            -3.74331954266453e-17,
            1.576278516258926e-31,
            1.4854141962662255e-16,
            3.636316181074621e-18,
            1.6893417871112514e-32,
            1.3764991544212172e-16,
            -7.304153880960235e-33,
            3.771412095524418e-17,
            7.182897976199645e-17,
            -2.968202218024757e-32,
            -5.3503119987111886e-17,
            -1.7247354776673745e-32
        ],
        [
            -0.0260250171894786,
            0.19852734322601567,
            -4.581307695334723e-16,
            0.2376550710901845,
            -4.560431642822602e-16,
            0.8720831379913715,
            0.49174099629302515,
            -1.8424539263342057e-16,
            0.010700634642587786,
            -2.293700728971791e-16,
            0.042329024784636224,
            0.19991923311961976,
            -1.6650253042540022e-17,
            -0.22213381923623493,
            -4.832958884927768e-17,
            0.02646222214456624,
            -0.004432417998298599,
            5.054654838544334e-17,
            0.01896889124073475,
            -8.530847128107778e-18
        ],
        [
            0.21479061759765006,
            0.2642647103204592,
            -2.183053474257039e-16,
            0.10794866678485142,
            -1.449656534749373e-16,
            0.4917409962930251,
            0.37262724766909533,
            -4.678316854938156e-17,
            -0.0059001711825001826,
            -9.64806435509693e-17,
            0.1998199068409242,
            0.2097916823410894,
            1.1710000941100712e-18,
            -0.11907931034725672,
            -5.4665338653827826e-17,
            0.01233760728279852,
            0.032873716474021326,
            2.2381515014223302e-17,
            -0.03870370448842748,
            -2.4127505258786685e-17
        ],
        [
            1.4601677967681817e-16,
            5.010413225495741e-17,
            1.2023004262329496e-31,
            -6.570010508490369e-17,
            1.6669539152495805e-31,
            -1.8424539263342054e-16,
            -4.6783168549381556e-17,
            7.575502217486417e-32,
            -1.2096981960641262e-17,
            6.45447608402144e-32,
            9.349167127309426e-17,
            2.6749605229854784e-17,
            8.07270453219297e-33,
            6.256415959964487e-17,
            -8.09474700309075e-33,
            3.97895201328134e-17,
            5.383389926015007e-17,
            -1.2283723868585094e-32,
            -2.86411548939811e-17,
            -1.070021198697474e-32
        ],
        [
            -0.2064930125961365,
            -0.14819876673691426,
            -1.2812264330664815e-17,
            0.013936008157443756,
            -3.7433195426645285e-17,
            0.010700634642587789,
            -0.005900171182500195,
            -1.209698196064126e-17,
            0.11123503908775627,
            -2.779650050900634e-17,
            0.2221351081635942,
            0.11908485211571751,
            1.5767827898315166e-17,
            -0.014789750089255727,
            -9.495941211464566e-18,
            -0.03399026229635978,
            0.03812840462831272,
            -1.1535523969559833e-17,
            -0.06162553809730892,
            -1.2439182652983121e-17
        ],
        [
            1.2172857477406286e-16,
            2.918129895592369e-17,
            1.3563305616885272e-31,
            -7.345335799014551e-17,
            1.576278516258926e-31,
            -2.293700728971791e-16,
            -9.64806435509693e-17,
            6.454476084021441e-32,
            -2.7796500509006335e-17,
            8.21975529059467e-32,
            -1.74984042405258e-18,
            -6.611180614723887e-17,
            6.880613244484907e-33,
            4.4018853793232556e-17,
            9.12215311022359e-33,
            -7.509658780510306e-17,
            -4.7253207545332415e-17,
            -1.5737403526771247e-32,
            -1.4318063973472928e-17,
            4.7160004915317085e-34
        ],
        [
            0.02623980804374341,
            -0.004580413688351474,
            4.607593836966408e-17,
