{
    "E_opt": {
        "E": -2.181261061586949,
        "l": 6.705379215871353
    },
    "l_opt": {
        "E": -2.1812610615869525,
        "l": 6.655385050230769,
        "eigvals": [
            -1.632854541277428,
            -1.3960550561085998,
            -1.205991933479596,
            -1.029384199503789
        ]
    },
    "HF": {
        "E": -2.1455784480997453,
        "l": 6.026631995962703
    },
    "B3LYP": {
        "E": -2.1555411450716493,
        "l": 6.224848633225568
    },
    "sto-3G": {
        "E": -2.102608480955425,
        "l": 7.0646590483209755
    },
    "ccpVDZ": {
        "E": -2.2074313999543715
    },
    "proj": [
        [
            0.8080482412412363,
            0.5707712603922795,
            -4.10110272506667e-18,
            -0.060740166959817765,
            4.388367005496469e-17,
            -0.060109036054712815,
            0.17983249697161335,
            -2.513135698793883e-17,
            -0.16550057528626497,
            3.098483950395293e-17,
            0.027311242124209892,
            0.0025847631027117756,
            -1.545151652685699e-17,
            0.03231035066887005,
            3.702608474514642e-17,
            0.019210770829056267,
            0.004611172792546583,
            2.36122359977607e-17,
            -0.01036820034384639,
            2.1372766610143335e-17
        ],
        [
            0.5707712603922795,
            0.45915603931763643,
            -1.2877806853820699e-17,
            0.005630718719884448,
            1.9099629088260115e-17,
            0.17106858374484496,
            0.252708787282025,
            -2.798000179571322e-17,
            -0.12568043507565585,
            2.868594456745239e-17,
            -0.013923967504419097,
            0.020704779960118342,
            -5.203835432421023e-19,
            -0.026213677984657038,
            2.5394013266253184e-17,
            0.004660678093153152,
            -0.020738143863937093,
            -7.542494111197936e-18,
            0.0051793351394891045,
            -3.349382655791092e-18
        ],
        [
            -4.101102725066662e-18,
            -1.2877806853820694e-17,
            2.1056713829782963e-32,
            -8.149772428338156e-18,
            1.0478053433940834e-32,
            -5.170744168113313e-17,
            -5.514846194618273e-17,
            -1.5451828933396538e-32,
            -2.3991814316702522e-17,
            3.6166799492293526e-32,
            -1.1004285116848038e-16,
            -6.246086129275896e-17,
            -1.8102617539656166e-32,
            2.3139660990779907e-17,
            -1.414468319598386e-32,
            5.984496109343001e-17,
            1.7793701129924407e-17,
            2.005718542875947e-32,
            2.6707376209201095e-17,
            5.385622069505548e-33
        ],
        [
            -0.060740166959817765,
            0.005630718719884448,
            -8.149772428338151e-18,
            0.04721555401678727,
            -1.3080566266135236e-17,
            0.19265719580367707,
            0.09858196226438329,
            -7.863537389987989e-18,
            0.006080450141233214,
            5.320705923367276e-18,
            -0.023415579013416444,
            0.026496556783685583,
            1.019364440404259e-17,
            -0.04138823128699163,
            -3.7839251452366725e-18,
            0.01041422643167391,
            -0.005143001566603439,
            -2.367083780596202e-17,
            0.011168580551736093,
            -1.7633592639376545e-17
        ],
        [
            4.3883670054964693e-17,
            1.9099629088260118e-17,
            1.0478053433940834e-32,
            -1.3080566266135236e-17,
            9.081101506767208e-33,
            -5.238621291279464e-17,
            -2.84272632056007e-17,
            -7.497342736424532e-33,
            -1.7704523379536447e-17,
            1.8032507258096307e-32,
            -3.637373044542782e-17,
            -2.170060212220095e-17,
            -1.0177783834459378e-32,
            2.1310352025702e-17,
            -4.261977126020369e-33,
            4.370912334545009e-17,
            2.3725132773129527e-17,
            1.2671990332488632e-32,
            9.072446014687372e-18,
            6.0180622345509844e-33
        ],
        [
            -0.06010903605471281,
            0.17106858374484496,
            -5.170744168113313e-17,
            0.19265719580367704,
            -5.238621291279464e-17,
            0.8465147127674055,
            0.5082167752029689,
            -2.846894877556916e-17,
            0.006347715078024326,
            4.065541597403053e-18,
            0.0028152835323342054,
            0.17509026754047802,
            5.364929836602899e-17,
            -0.18111961168165486,
            3.4474853779617147e-18,
            0.02752572586136397,
            -0.013771552784236564,
            -1.1148305398033208e-16,
            0.023431789469690496,
            -7.386178869240924e-17
        ],
        [
            0.17983249697161335,
            0.252708787282025,
            -5.514846194618273e-17,
            0.09858196226438329,
            -2.842726320560069e-17,
            0.5082167752029688,
            0.3957537301986684,
            -4.084730890939922e-18,
            -0.003733578283320732,
            -3.1557738052832184e-17,
            0.17500770023406947,
            0.20669375013612115,
            4.8012245869127674e-17,
            -0.10636932395942869,
            2.861891954864609e-17,
            0.002733279717482251,
            0.02079196180006403,
            -8.17384085267312e-17,
            -0.026467518714092145,
            -4.065138673654506e-17
        ],
        [
            -2.5131356987938834e-17,
            -2.798000179571321e-17,
            -1.5451828933396536e-32,
            -7.863537389987989e-18,
            -7.497342736424532e-33,
            -2.8468948775569165e-17,
            -4.084730890939923e-18,
            1.925762709345217e-32,
            2.872809146784507e-17,
            -3.7834105955996265e-32,
            9.923655032115579e-17,
            3.633245265006203e-17,
            1.3106753795782766e-32,
            -9.423001095818786e-18,
            1.1970512671248446e-32,
            -7.524035870104236e-17,
            -2.7658481371981385e-17,
            -9.329770697409776e-33,
            -2.7146481643603594e-17,
            7.842245812349261e-34
        ],
        [
            -0.165500575286265,
            -0.12568043507565588,
            -2.3991814316702522e-17,
            0.006080450141233215,
            -1.7704523379536447e-17,
            0.006347715078024324,
            -0.003733578283320736,
            2.872809146784507e-17,
            0.07546662264073098,
            -5.522578722173847e-17,
            0.18113494248682635,
            0.1063857304994294,
            2.4410900635607298e-17,
            -0.00989039738748912,
            1.1324179184610662e-17,
            -0.03229474809222107,
            0.02622913834235606,
            -2.557860978183515e-17,
            -0.04139026387316279,
            -4.6633291977664045e-18
        ],
        [
            3.0984839503952945e-17,
            2.86859445674524e-17,
            3.616679949229353e-32,
            5.320705923367276e-18,
            1.8032507258096302e-32,
            4.065541597403076e-18,
            -3.1557738052832184e-17,
            -3.7834105955996265e-32,
            -5.522578722173846e-17,
            7.848775669721614e-32,
            -2.081053438564303e-16,
            -8.654589512553345e-17,
            -3.070992483573803e-32,
            3.1841001055625205e-17,
            -2.6622077326503766e-32,
            1.590163221118e-16,
            6.176517201503473e-17,
            2.63344234704391e-32,
            5.564300208463557e-17,
            2.7384782688747642e-33
        ],
        [
            0.027311242124209854,
            -0.013923967504419084,
            -1.1004285116848038e-16,
