{
  "t": [
    -0.2,
    -0.15000000000000002,
    -0.10000000000000002,
    -0.05000000000000002,
    -2.7755575615628914e-17,
    0.04999999999999996,
    0.09999999999999998,
    0.14999999999999997,
    0.19999999999999996,
    0.24999999999999994,
    0.29999999999999993,
    0.3499999999999999,
    0.39999999999999997,
    0.4499999999999999,
    0.49999999999999994,
    0.5499999999999998,
    0.5999999999999999,
    0.6499999999999999,
    0.7,
    0.75,
    0.7999999999999998,
    0.8499999999999999,
    0.8999999999999999,
    0.95,
    1.0,
    1.05,
    1.0999999999999999,
    1.15,
    1.2
  ],
  "energy": [
    -1.3451336575060908,
    -1.5849156716853376,
    -1.8037789565885824,
    -1.9586689434851585,
    -2.014164411944896,
    -1.9524575395909944,
    -1.7793677735717737,
    -1.523776805878306,
    -1.230076683667484,
    -0.9459051392520225,
    -0.70944444808728,
    -0.5409069238688082,
    -0.44122498344743066,
    -0.3979982696810767,
    -0.3956915260713497,
    -0.4253031699726161,
    -0.4890704570187726,
    -0.5981130285218655,
    -0.7641865972377276,
    -0.9894332788882108,
    -1.2589581342208434,
    -1.5398545571235842,
    -1.7875507216705775,
    -1.957318716119188,
    -2.0167813968146344,
    -1.9550273262879423,
    -1.7854307391039645,
    -1.5416946692667806,
    -1.2689317795030177
  ],
  "converged": [
    true,
    true,
    true,
    true,
    true,
    true,
    true,
    true,
    true,
    true,
    true,
    true,
    true,
    true,
    true,
    true,
    true,
    true,
    true,
    true,
    true,
    true,
    true,
    true,
    true,
    true,
    true,
    true,
    true
  ],
  "params": [],
  "E_hf_original": -2.0141644119448894,
  "E_nn_original": -2.0167813968146393
}