{
  "t": [
    -0.2,
    -0.15000000000000002,
    -0.10000000000000002,
    -0.05000000000000002,
    -2.7755575615628914e-17,
    0.04999999999999996,
    0.09999999999999998,
    0.14999999999999997,
    0.19999999999999996,
    0.24999999999999994,
    0.29999999999999993,
    0.3499999999999999,
    0.39999999999999997,
    0.4499999999999999,
    0.49999999999999994,
    0.5499999999999998,
    0.5999999999999999,
    0.6499999999999999,
    0.7,
    0.75,
    0.7999999999999998,
    0.8499999999999999,
    0.8999999999999999,
    0.95,
    1.0,
    1.05,
    1.0999999999999999,
    1.15,
    1.2
  ],
  "energy": [
    -1.156130661796439,
    -1.4984502300631903,
    -1.772215048287656,
    -1.9483571153755501,
    -2.0088690279521852,
    -1.9491253700569302,
    -1.7780511600851991,
    -1.5162287202981863,
    -1.192524354354193,
    -0.8400942635741555,
    -0.4926173217864956,
    -0.18133095954468964,
    0.06696093555021976,
    0.23111567340872202,
    0.29652345679897085,
    0.2559898150562912,
    0.1107456532219897,
    -0.1286353698530272,
    -0.4418994389147989,
    -0.7999082906370005,
    -1.1669339165732555,
    -1.5044269321951804,
    -1.7757710125485353,
    -1.9511695424543152,
    -2.011678707201785,
    -1.9515608862146199,
    -1.7785375889305637,
    -1.5120399290141537,
    -1.18001638059433
  ],
  "converged": [
    true,
    true,
    true,
    true,
    true,
    true,
    true,
    true,
    true,
    true,
    true,
    true,
    true,
    true,
    true,
    true,
    true,
    true,
    true,
    true,
    true,
    true,
    true,
    true,
    true,
    true,
    true,
    true,
    true
  ],
  "params": [],
  "E_hf_original": -2.0088690279521715,
  "E_nn_original": -2.01167870720179
}