{
  "t": [
    -0.2,
    -0.15000000000000002,
    -0.10000000000000002,
    -0.05000000000000002,
    -2.7755575615628914e-17,
    0.04999999999999996,
    0.09999999999999998,
    0.14999999999999997,
    0.19999999999999996,
    0.24999999999999994,
    0.29999999999999993,
    0.3499999999999999,
    0.39999999999999997,
    0.4499999999999999,
    0.49999999999999994,
    0.5499999999999998,
    0.5999999999999999,
    0.6499999999999999,
    0.7,
    0.75,
    0.7999999999999998,
    0.8499999999999999,
    0.8999999999999999,
    0.95,
    1.0,
    1.05,
    1.0999999999999999,
    1.15,
    1.2
  ],
  "energy": [
    -1.1561353743045055,
    -1.4984534209976617,
    -1.7722168813486123,
    -1.9483578636355081,
    -2.0088690275589647,
    -1.9491249680307117,
    -1.7780506688651427,
    -1.516228388498547,
    -1.1925243568741453,
    -0.8400947073790697,
    -0.49261825908359314,
    -0.1813323994416632,
    0.06695902248485175,
    0.23111335765598273,
    0.29652085419016244,
    0.2559870851299578,
    0.11074298545564601,
    -0.1286377831118368,
    -0.44190143762444284,
    -0.7999097801844269,
    -1.1669348874068397,
    -1.5044274577958578,
    -1.7757712243988855,
    -1.9511695886166045,
    -2.011678707201785,
    -1.951560896778633,
    -1.7785375919026847,
    -1.5120398455127149,
    -1.1800161066638952
  ],
  "converged": [
    true,
    true,
    true,
    true,
    true,
    true,
    true,
    true,
    true,
    true,
    true,
    true,
    true,
    true,
    true,
    true,
    true,
    true,
    true,
    true,
    true,
    true,
    true,
    true,
    true,
    true,
    true,
    true,
    true
  ],
  "params": [],
  "E_hf_original": -2.008869027558957,
  "E_nn_original": -2.01167870720179
}