{
    "energy_data": {
        "CASSCF": [
            -2.0174184853412633,
            -2.023921906613971,
            -2.0322084182051596,
            -2.0425967511534764,
            -2.0553768723852635,
            -2.0707659089425308,
            -2.08885330045013,
            -2.1095347536288007,
            -2.132431472997035,
            -2.156780695198628,
            0.03142570867255934,
            -2.2255220653687995,
            -1.1867349777080918,
            -2.2204436308851223,
            -1.749175019580612,
            -2.2036843676696036,
            -2.0212891617690176,
            -2.181261061586949,
            -2.1518042597433156,
            -2.2086633464434304,
            -2.0056065810586543,
            -2.008529714271272,
            -2.0123837565958373
        ],
        "HF": [
            -1.9810666516983184,
            -1.988135787732579,
            -1.9970209912717083,
            -2.007989071477276,
            -2.021261208803814,
            -2.0369731099978705,
            -2.0551291176612736,
            -2.075558519895528,
            -2.0978888970868015,
            -2.121532838943351,
            0.053203912594143254,
            -2.1930432233691177,
            -1.1649222016457879,
            -2.1862316681048375,
            -1.7259122995492886,
            -2.1683060269384558,
            -1.9955830829084813,
            -2.1455784480997453,
            -2.1235731507204982,
            -2.178185719091529,
            -1.9680119419909272,
            -1.971263354135114,
            -1.9755328784236628
        ],
        "B3LYP": [
            -2.008994323778695,
            -2.0149533267546778,
            -2.0225134341802167,
            -2.0319656307928424,
            -2.0435738272991824,
            -2.057527304358219,
            -2.0738770002821765,
            -2.0924590591097956,
            -2.11282173186978,
            -2.134194909449729,
            0.052681032114681337,
            -2.19666083514201,
            -1.1652318231755157,
            -2.191215040551165,
            -1.72627285518199,
            -2.1754709836590727,
            -1.9963462247819161,
            -2.1555411450716493,
            -2.1251717689084635,
            -2.180794579003591,
            -1.9980120561755736,
            -2.0007647327938107,
            -2.0043511922979587
        ],
        "sto-3G": [
            -1.8827126374318468,
            -1.8891148747139384,
            -1.8977806459898732,
            -1.909332060042635,
            -1.9244306381367224,
            -1.9436920386881207,
            -1.967560309920372,
            -1.9961503255188093,
            -2.029070493591961,
            -2.0652289632712875,
            0.31194335673262863,
            -2.180316614323862,
            -1.026789893316157,
            -2.1663874486347625,
            -1.6531169519401105,
            -2.1379705268436227,
            -1.9601936448939248,
            -2.102608480955425,
            -2.1069969150952805,
            -2.1675605441340493,
            -1.8722159944241143,
            -1.8746515824858965,
            -1.878037044964908
        ],
        "basisNN": [
            -2.017266414651867,
            -2.0237462211167183,
            -2.0320450687087863,
            -2.042411290823262,
            -2.055140340772768,
            -2.070489607226966,
            -2.0885138296032197,
            -2.1090027493542087,
            -2.1315556627717465,
            -2.1556540143825718,
            0.04357540289813233,
            -2.223706261539099,
            -1.174326183787672,
            -2.2195832596712846,
            -1.7473016039261742,
            -2.2030491674077037,
            -2.0205033506275116,
            -2.180288314390847,
            -2.1507200509674496,
            -2.206524802729876,
            -2.0046960045510316,
            -2.008280130482296,
            -2.0122832630974106
        ],
        "ccpVDZ": [
            -2.019730654441884,
            -2.027102880600965,
            -2.03653957742999,
            -2.0484175852660114,
            -2.0630751836878236,
            -2.080753454161541,
            -2.1015289033135245,
            -2.125246630430521,
            -2.15145426679449,
            -2.1793127133200136,
            -0.00980193831328613,
            -2.2625703398441455,
            -1.2304380670783868,
            -2.2539824968375557,
            -1.7937465619618296,
            -2.2335529973728403,
            -2.065390302822635,
            -2.2074313999543715,
            -2.194419811727665,
            -2.248844038324521,
            -2.0064606670871097,
            -2.0097252368980123,
            -2.0140511195198982
        ],
        "AVAS": [
            -2.000511782172679,
            -2.0088617284585357,
            -2.0190324242009545,
            -2.031274460269705,
            -2.0458085659345464,
            -2.0627912642492063,
            -2.0822682247373496,
            -2.104113382821173,
            -2.1279484333007685,
            -2.153030956762155,
            1.3190839516854194,
            -2.223385710129466,
            0.18758332277816958,
            -2.218039051800857,
            -0.34595724907852077,
            -2.200934350767377,
            -0.6211444762321863,
            -2.178074964322381,
            -0.771222585618963,
            -2.206685227810977,
            -1.983907287783345,
            -1.9882654255394978,
            -1.9937272004589814
        ],
        "name": [
            "19.json",
            "18.json",
            "17.json",
            "16.json",
            "15.json",
            "14.json",
            "13.json",
            "12.json",
            "11.json",
            "10.json",
            "0.json",
            "6.json",
            "1.json",
            "7.json",
            "2.json",
            "8.json",
            "3.json",
            "9.json",
            "4.json",
            "5.json",
            "22.json",
            "21.json",
            "20.json"
        ]
    },
    "l_data": {
        "basisNN": [
            5.778188303691873,
            5.82825228300746,
            5.875861609971217,
            5.915657226926715,
            5.957215696759505,
            6.032896628420337,
            6.157275453568529,
            6.275072772522509,
            6.39077061816449,
            6.512503200501429,
            12.659698314464764,
            7.356900168036862,
            10.784601155020084,
            7.093134055518817,
            10.31379115123355,
            6.86114296524033,
            9.891969543503915,
            6.6677889289559165,
            8.858536333835545,
            7.7330758507246715,
            5.824297942506261,
            5.8159931250609676,
            5.7468159104945435
        ],
        "AVAS": [
            5.75560944641145,
            5.799555860780829,
            5.843986929621445,
            5.888438443154728,
            5.9321588079019305,
            5.982988166399782,
            6.093732161625608,
            6.213001033732471,
            6.342827952394311,
            6.485556905376626,
            9.633547373430941,
            7.28895630228576,
            7.136987632321562,
            7.022481765990042,
            5.670120727635693,
            6.803014094460751,
            5.108462565606509,
            6.6403088751120265,
            5.198750437278028,
            7.616137842696187,
            5.628946001256717,
            5.670187309995367,
            5.712433814549328
        ],