{
    "energy_data": {
        "CASSCF": [
            -2.0174184853412633,
            -2.023921906613971,
            -2.0322084182051596,
            -2.0425967511534764,
            -2.0553768723852635,
            -2.0707659089425308,
            -2.08885330045013,
            -2.1095347536288007,
            -2.132431472997035,
            -2.156780695198628,
            0.03142570867255934,
            -2.2255220653687995,
            -1.1867349777080918,
            -2.2204436308851223,
            -1.749175019580612,
            -2.2036843676696036,
            -2.0212891617690176,
            -2.181261061586949,
            -2.1518042597433156,
            -2.2086633464434304,
            -2.0056065810586543,
            -2.008529714271272,
            -2.0123837565958373
        ],
        "HF": [
            -1.9810666516983184,
            -1.988135787732579,
            -1.9970209912717083,
            -2.007989071477276,
            -2.021261208803814,
            -2.0369731099978705,
            -2.0551291176612736,
            -2.075558519895528,
            -2.0978888970868015,
            -2.121532838943351,
            0.053203912594143254,
            -2.1930432233691177,
            -1.1649222016457879,
            -2.1862316681048375,
            -1.7259122995492886,
            -2.1683060269384558,
            -1.9955830829084813,
            -2.1455784480997453,
            -2.1235731507204982,
            -2.178185719091529,
            -1.9680119419909272,
            -1.971263354135114,
            -1.9755328784236628
        ],
        "B3LYP": [
            -2.008994323778695,
            -2.0149533267546778,
            -2.0225134341802167,
            -2.0319656307928424,
            -2.0435738272991824,
            -2.057527304358219,
            -2.0738770002821765,
            -2.0924590591097956,
            -2.11282173186978,
            -2.134194909449729,
            0.052681032114681337,
            -2.19666083514201,
            -1.1652318231755157,
            -2.191215040551165,
            -1.72627285518199,
            -2.1754709836590727,
            -1.9963462247819161,
            -2.1555411450716493,
            -2.1251717689084635,
            -2.180794579003591,
            -1.9980120561755736,
            -2.0007647327938107,
            -2.0043511922979587
        ],
        "sto-3G": [
            -1.8827126374318468,
            -1.8891148747139384,
            -1.8977806459898732,
            -1.909332060042635,
            -1.9244306381367224,
            -1.9436920386881207,
            -1.967560309920372,
            -1.9961503255188093,
            -2.029070493591961,
            -2.0652289632712875,
            0.31194335673262863,
            -2.180316614323862,
            -1.026789893316157,
            -2.1663874486347625,
            -1.6531169519401105,
            -2.1379705268436227,
            -1.9601936448939248,
            -2.102608480955425,
            -2.1069969150952805,
            -2.1675605441340493,
            -1.8722159944241143,
            -1.8746515824858965,
            -1.878037044964908
        ],
        "basisNN": [
            -2.017266414651867,
            -2.0237462211167205,
            -2.032045068708785,
            -2.0424112908232637,
            -2.0551403407727684,
            -2.070489607226967,
            -2.0885138296032233,
            -2.1090027493542074,
            -2.1315556627717482,
            -2.15565401438257,
            0.04357540289805417,
            -2.223706261539099,
            -1.1743261837876942,
            -2.2195832596712917,
            -1.7473016039261777,
            -2.2030491674077037,
            -2.0205033506275134,
            -2.1802883143908454,
            -2.1507200509674513,
            -2.2065248027298803,
            -2.0046960045510307,
            -2.0082801304823006,
            -2.0122832630974097
        ],
        "ccpVDZ": [
            -2.019730654441884,
            -2.027102880600965,
            -2.03653957742999,
            -2.0484175852660114,
            -2.0630751836878236,
            -2.080753454161541,
            -2.1015289033135245,
            -2.125246630430521,
            -2.15145426679449,
            -2.1793127133200136,
            -0.00980193831328613,
            -2.2625703398441455,
            -1.2304380670783868,
            -2.2539824968375557,
            -1.7937465619618296,
            -2.2335529973728403,
            -2.065390302822635,
            -2.2074313999543715,
            -2.194419811727665,
            -2.248844038324521,
            -2.0064606670871097,
            -2.0097252368980123,
            -2.0140511195198982
        ],
        "name": [
            "19.json",
            "18.json",
            "17.json",
            "16.json",
            "15.json",
            "14.json",
            "13.json",
            "12.json",
            "11.json",
            "10.json",
            "0.json",
            "6.json",
            "1.json",
            "7.json",
            "2.json",
            "8.json",
            "3.json",
            "9.json",
            "4.json",
            "5.json",
            "22.json",
            "21.json",
            "20.json"
        ]
    },
    "l_data": {
        "basisNN": [
            5.778188303691673,
            5.828252283007476,
            5.875861609971227,
            5.915657226926575,
            5.9572156967595395,
            6.0328966284202945,
            6.15727545356853,
            6.27507277252243,
            6.390770618164537,
            6.51250320050147,
            12.6596983144636,
            7.356900168036919,
            10.784601155020141,
            7.093134055518839,
            10.313791151233714,
            6.861142965240323,
            9.891969543504006,
            6.667788928955934,
            8.858536333835563,
            7.733075850724667,
            5.824297942506309,
            5.815993125061043,
            5.746815910494762
        ],
        "l_opt": [
            5.745952726366842,
            5.789072679916515,
            5.836323889794189,
            5.88374425244532,
            5.937539273216541,
            6.0060881338607,
            6.128834966274344,
            6.283440414322221,
            6.411197347323287,
            6.52678352711806,
            12.615247831918177,
            7.380268119680249,
            11.053482872257343,
            7.10314367968251,
            10.476857130745577,
            6.854459555617902,
            9.769484069174899,
            6.655385050230769,
            8.82435298600225,
            7.798929933001297,
            5.620219617360798,
            5.658128751946405,
            5.701545598990499
        ],
        "CASSCF": [
            5.867396498000014,
            5.904376340762346,
            5.941034429707596,
            5.976996431260236,
            6.011555514424228,
            6.073884756342248,
            6.176017911557969,
            6.288325924535273,
            6.416396775060313,
            6.554563182794458,
            12.949756913084649,
            7.476096937118022,
            11.25525248963148,
            7.19058461955575,
            10.593275700368547,
            6.926559365120992,
            9.908468952189438,
            6.705379215871353,
            8.955225244160685,
            7.910747768084651,
            5.75602187563081,
            5.793128431408764,
            5.830268817182178
        ],