{
    "energy_data": {
        "CASSCF": [
            -3.0261183506312657,
            -3.035900019991874,
            -3.0483679073505083,
            -3.06399511653007,
            -3.083202322951617,
            -3.1062858497751384,
            -3.133326283214402,
            -3.164075398395764,
            -3.1978147003470188,
            -3.2331628853832015,
            0.6270728324554025,
            -3.3144527989461148,
            -1.4398419922582217,
            -3.3168688205669854,
            -2.424018251609221,
            -3.297783104817209,
            -2.912036390800872,
            -3.2677706701970615,
            -3.151278441245612,
            -3.2724915070227576,
            -3.008378591010668,
            -3.0127637479379796,
            -3.018551111086091
        ],
        "HF": [
            -2.972899467151165,
            -2.983948283540324,
            -2.9978416846674074,
            -3.0149919400954404,
            -3.035727597395422,
            -3.060215829081073,
            -3.0883609567289354,
            -3.1196848932170633,
            -3.1532260692183662,
            -3.187576505408562,
            0.6536671408646981,
            -3.2735366059730717,
            -1.4058804591847753,
            -3.272662794747683,
            -2.388345199256886,
            -3.2514809246414726,
            -2.875850535358583,
            -3.221136637766367,
            -3.1158417439162402,
            -3.23558397347614,
            -2.9525235614017817,
            -2.9575932297190555,
            -2.9642562957890712
        ],
        "B3LYP": [
            -3.01395816185328,
            -3.023091383582756,
            -3.034702428916714,
            -3.0492479908079493,
            -3.067142564837566,
            -3.088677825934416,
            -3.1139041785704467,
            -3.142465404217999,
            -3.173384528775471,
            -3.2048535459676337,
            0.6511923540853601,
            -3.276899625355168,
            -1.4075400625666319,
            -3.278001122582822,
            -2.3891061454733187,
            -3.260121568882269,
            -2.8769413131602457,
            -3.2344324452421342,
            -3.118331301668144,
            -3.2379018115969673,
            -2.997189910311843,
            -3.001382743202071,
            -3.006856688069764
        ],
        "sto-3G": [
            -2.8243416519132136,
            -2.8340507650853612,
            -2.8471921339556037,
            -2.8647028777604384,
            -2.887569376435786,
            -2.916689242883511,
            -2.952668364024406,
            -2.9955654258319404,
            -3.0446002440867,
            -3.0978256472309127,
            1.4253362027296443,
            -3.2445422400449013,
            -1.0673818464985576,
            -3.2360662798923405,
            -2.225106185924531,
            -3.2006842808756844,
            -2.796419230339958,
            -3.151729141125457,
            -3.0779954519765074,
            -3.2044118794841134,
            -2.808427400636408,
            -2.8121194749021354,
            -2.8172520030718724
        ],
        "basisNN": [
            -3.0246217951962633,
            -3.0335051760484295,
            -3.04482964711506,
            -3.062251661004692,
            -3.0812218294220273,
            -3.1038994510181666,
            -3.1310123162477392,
            -3.1616442447685653,
            -3.1939258658424907,
            -3.227165366958267,
            0.8850817593128895,
            -3.299098737303,
            -1.3150459884719226,
            -3.3025159681013774,
            -2.337597674179614,
            -3.2861198031794743,
            -2.8934611925645983,
            -3.2592310009703316,
            -3.1410918588289123,
            -3.256273188630521,
            -3.0052837415372795,
            -3.0116856244839134,
            -3.017775031489471
        ],
        "ccpVDZ": [
            -3.03014472,
            -3.04142449,
            -3.05586641,
            -3.07403679,
            -3.09642991,
            -3.12337057,
            -3.1549015,
            -3.19067016,
            -3.22981494,
            -3.27081093,
            0.56769453,
            -3.37475003,
            -1.50781158,
            -3.37175163,
            -2.49695264,
            -3.34698283,
            -2.98758072,
            -3.311187,
            -3.2283596,
            -3.33763262,
            -3.0098736,
            -3.0148538,
            -3.02146103
        ],
        "name": [
            "19.json",
            "18.json",
            "17.json",
            "16.json",
            "15.json",
            "14.json",
            "13.json",
            "12.json",
            "11.json",
            "10.json",
            "0.json",
            "6.json",
            "1.json",
            "7.json",
            "2.json",
            "8.json",
            "3.json",
            "9.json",
            "4.json",
            "5.json",
            "22.json",
            "21.json",
            "20.json"
        ]
    },
    "l_data": {
        "basisNN": [
            10.68893611177245,
            10.783565861055447,
            10.919559327647447,
            12.780304468683607,
            13.054861728711007,
            13.30455711605083,
            13.787024789668898,
            14.310040578685584,
            14.628986939533275,
            15.046676335887003,
            28.771322213859655,
            17.470380563375734,
            24.238002435471707,
            16.73442988489629,
            24.677826635447968,
            16.1033787129906,
            24.45518160577382,
            15.491355796524978,
            21.89369518922689,
            19.34096725202589,
            11.566436202951678,
            12.335448302965085,
            11.361335192382608
        ],
        "l_opt": [
            9.28132991494567,
            9.437258549493261,
            9.589336362889055,
            9.74820175989996,
            9.931412020308759,
            10.139694986600738,
            14.060029896742824,
            14.352922435117682,
            14.720759534549508,
            15.13882988459204,
            29.959391228661367,
            14.809374924456236,
            25.103475423235714,
            16.797085209130042,
            21.330228231139113,
            16.138669814430454,
            18.341975878963748,
            15.615168961858911,
            16.11133345251924,
            16.852052886249954,
            8.922112233142771,
            9.024047495240136,
            9.149108902587086
        ],
        "CASSCF": [
            13.231111980882925,
            13.345764036385635,
            13.465906308917322,
            13.592747680079889,
            13.750042576052174,
            13.963010194952702,
            14.19675183964996,
            14.487577672804006,
            14.855115631343624,
            15.263124977892232,
            33.58282006463317,
            18.067785301602612,
            28.83761608041603,
            17.190144393055622,
            24.0843157934766,
            16.388579501821575,
            21.04241447578682,
            15.770423771988257,
            18.247783948708758,
            19.84030502889718,
            12.909433273726574,
            13.013705899698298,
            13.120691208592024
        ],