{
    "E_opt": {
        "E": 0.03142570867255934,
        "l": 12.949756913084649
    },
    "l_opt": {
        "E": 0.0314257086727423,
        "l": 12.615247831918177,
        "eigvals": [
            -3.6284365240341074,
            -2.168901620419421,
            -1.182703361486578,
            -1.0690437052784716
        ]
    },
    "HF": {
        "E": 0.053203912594143254,
        "l": 9.716017050872313
    },
    "B3LYP": {
        "E": 0.052681032114681337,
        "l": 9.771851430022721
    },
    "sto-3G": {
        "E": 0.31194335673262863,
        "l": 26.78768680771251
    },
    "ccpVDZ": {
        "E": -0.00980193831328613
    },
    "proj": [
        [
            0.9397320302487315,
            0.4850088794554308,
            6.1537966912537e-15,
            -0.002756361948127873,
            1.2609495803271216e-14,
            0.8269276113269893,
            0.2377260496020312,
            -1.4351890184126204e-14,
            -0.34587150209643364,
            -1.2670589655635552e-14,
            0.5457351506373824,
            0.17117376820876856,
            1.7489479630404014e-14,
            -0.44766401908131964,
            2.042807661158201e-14,
            0.3534843648356259,
            0.16317939310272972,
            -3.985190526205053e-15,
            -0.3044943475614875,
            -4.178867523871557e-15
        ],
        [
            0.4850088794554308,
            0.6132018275759733,
            -2.643586156132521e-15,
            -0.2620551163663161,
            -1.6544730209186072e-14,
            0.31291405212913254,
            0.29605000061586895,
            1.0638970728650448e-14,
            -0.11384157380393359,
            1.6219582341050724e-14,
            0.2534839945514768,
            -0.06609148500980519,
            -1.6146797074504292e-14,
            -0.06224313438363827,
            -3.183469121334297e-14,
            0.16415210403425298,
            -0.24539992919523843,
            4.5075917943183e-16,
            -0.22206194588272082,
            4.362108717162507e-15
        ],
        [
            6.1537966912537e-15,
            -2.6435861561325206e-15,
            2.131564350525341e-28,
            -9.808894672204113e-16,
            6.2955968270493725e-28,
            3.4885125402019708e-15,
            -1.9255534229333162e-15,
            -5.731089485953348e-28,
            -1.0075317324081754e-14,
            -6.134927522715235e-28,
            -3.2297408487525614e-15,
            2.8955458569845633e-15,
            7.344376104549016e-28,
            -8.729659678374493e-15,
            1.1441685064221923e-27,
            -4.225178506199298e-15,
            4.228922478000823e-15,
            -1.1973265648649225e-28,
            1.3608748227508257e-15,
            -1.8780350088917435e-28
        ],
        [
            -0.0027563619481278693,
            -0.2620551163663161,
            -9.80889467220412e-16,
            0.6212387775960886,
            4.845079726385252e-15,
            0.3853731146034175,
            -0.10070991725279957,
            -2.723805240934689e-15,
            0.3922798272542561,
            -6.073530179641433e-15,
            0.4891392217589149,
            0.08447351477134206,
            5.605029517532103e-15,
            -0.09558517695261182,
            9.519287389397186e-15,
            0.3044684595645735,
            0.22153213528481938,
            1.7379397507529076e-15,
            -0.3144205436837057,
            -9.998381999899405e-16
        ],
        [
            1.2609495803271216e-14,
            -1.6544730209186072e-14,
            6.295596827049372e-28,
            4.845079726385251e-15,
            2.0293006174905025e-27,
            9.832456003855547e-15,
            -9.344658677349566e-15,
            -1.757600569057306e-27,
            -2.3847728444176516e-14,
            -1.9838453353418687e-27,
            -7.063829878278552e-15,
            1.0690699370842486e-14,
            2.312572657264608e-27,
            -2.3256211809225574e-14,
            3.702489401339564e-27,
            -9.017471893306717e-15,
            1.8706325339788994e-14,
            -3.3201075128743146e-28,
            5.636867816472198e-15,
            -5.949094858508034e-28
        ],
        [
            0.8269276113269892,
            0.31291405212913254,
            3.488512540201971e-15,
            0.3853731146034175,
            9.832456003855547e-15,
            0.9800147009565502,
            0.17487521053589428,
            -1.0633063746915718e-14,
            -0.005199247431943753,
            -1.0772776076763595e-14,
            0.8322729993887636,
            0.18769647758693472,
            1.4058870336262264e-14,
            -0.41058402705985697,
            1.5997347147095346e-14,
            0.5459468920414214,
            0.25236325844871027,
            -1.7273995705292094e-15,
            -0.48925540453825633,
            -3.050660911327407e-15
        ],
        [
            0.23772604960203114,
            0.296050000615869,
            -1.9255534229333162e-15,
            -0.10070991725279958,
            -9.344658677349566e-15,
            0.1748752105358943,
            0.15345992583840395,
            7.092336367983989e-15,
            0.0032565882796863933,
            9.225043626341856e-15,
            0.1883768960360492,
            -0.009577620633005822,
            -9.830896607423126e-15,
            0.0308479193386144,
            -1.810686245974095e-14,
            0.17181475642194768,
            -0.06606179338325151,
            6.464328082851274e-16,
            -0.0847279400126343,
            2.5390831923293028e-15
        ],
        [
            -1.4351890184126204e-14,
            1.0638970728650448e-14,
            -5.731089485953349e-28,
            -2.723805240934689e-15,
            -1.757600569057306e-27,
            -1.0633063746915718e-14,
            7.092336367983988e-15,
            1.61152476494377e-27,
            2.4661982968162778e-14,
            1.7297534348586667e-27,
            7.544796648231779e-15,
            -7.162245451714778e-15,
            -2.0665113597517613e-27,
            2.6190335522660502e-14,
            -3.2193593415961707e-27,
            1.3046318096745938e-14,
            -1.0704376737901686e-14,
            3.115169064498645e-28,
            2.3857054114803894e-16,
            5.202053400012163e-28
        ],
        [
            -0.34587150209643364,
            -0.11384157380393357,
            -1.0075317324081754e-14,
            0.39227982725425614,
            -2.384772844417652e-14,
            -0.005199247431943721,
            0.003256588279686393,
            2.4661982968162778e-14,
            0.7157037467704581,
            2.2818383707339036e-14,
            0.4120515881449706,
            -0.030519498697427386,
            -2.9340841171471935e-14,
            0.4586063068044277,
            -4.3243584209343135e-14,
            0.4490488438596132,
            0.0626929370789742,
            6.46327742532836e-15,
            -0.09596560398929287,
            7.459985639367625e-15
        ],
        [
            -1.2670589655635552e-14,
            1.621958234105072e-14,
            -6.134927522715235e-28,
            -6.073530179641433e-15,
            -1.9838453353418687e-27,
            -1.0772776076763595e-14,
            9.225043626341855e-15,
            1.7297534348586667e-27,
            2.2818383707339033e-14,
            1.9449153360769704e-27,
            5.969543107585153e-15,
            -1.0203178488822462e-14,
            -2.2717935838106802e-27,
            2.3866534236358116e-14,
            -3.624181349848297e-27,
            8.999536550196842e-15,
            -1.77459373588901e-14,
            3.2185567081304733e-28,
            -3.8016076003316256e-15,
            5.812706978036663e-28
        ],
        [
            0.5457351506373823,
            0.2534839945514768,
            -3.2297408487525614e-15,
            0.4891392217589148,
