{
    "E_opt": {
        "E": -2.0123837565958373,
        "l": 5.830268817182178
    },
    "l_opt": {
        "E": -2.0123837565958373,
        "l": 5.701545598990499,
        "eigvals": [
            -1.0471265837365786,
            -1.0034156261142961,
            -0.9660849868991314,
            -0.9450513495847407
        ]
    },
    "HF": {
        "E": -1.9755328784236628,
        "l": 5.605741105390964
    },
    "B3LYP": {
        "E": -2.0043511922979587,
        "l": 5.858008816171085
    },
    "sto-3G": {
        "E": -1.878037044964908,
        "l": 5.838004431919211
    },
    "ccpVDZ": {
        "E": -2.0140511195198982
    },
    "proj": [
        [
            0.5373225610466401,
            0.48717602097364593,
            4.1126394271429e-18,
            -0.0013921080806623626,
            -4.0493593783043435e-17,
            -0.05456872536608338,
            0.024950890769709584,
            1.996185435970975e-17,
            -0.015469154886850167,
            1.170053485359866e-17,
            0.009545889300017088,
            -8.706789768358491e-05,
            -2.4497552243394475e-17,
            0.0024922275337854413,
            -1.736710145148972e-17,
            0.006128120311213297,
            0.007080311774358697,
            1.4892958618674047e-18,
            -0.000539531613050878,
            6.573719243254981e-18
        ],
        [
            0.487176020973646,
            0.4520930897943303,
            1.2769248489093474e-17,
            0.0010370976056161517,
            -3.086604342793453e-17,
            0.02510209115876473,
            0.08889163903584593,
            2.9274480944813843e-17,
            -0.014690043726485226,
            1.4611616789468502e-17,
            -0.004841032064662467,
            -0.003379810606522985,
            -2.1341931466279165e-17,
            -0.00019839453524547816,
            -1.8361386247109987e-17,
            0.007084138256611725,
            0.005079991367359618,
            4.777701717155655e-18,
            0.0001256147106673171,
            4.072692855453061e-18
        ],
        [
            4.112639427142914e-18,
            1.2769248489093476e-17,
            7.787708720149342e-32,
            2.064935019833042e-18,
            6.833585934977433e-32,
            5.3635610841353444e-17,
            3.1075462868380566e-17,
            3.2552584755737584e-33,
            -5.300411857085914e-18,
            5.7827587449945007e-33,
            -1.4792392607223902e-16,
            -1.0766698761960557e-16,
            -2.0550729172071313e-33,
            2.2790741340649707e-18,
            2.4265640096960106e-33,
            1.509850160177845e-16,
            1.1810427934287616e-16,
            -5.715202957785366e-33,
            4.552686580901437e-18,
            -4.7521640174405265e-33
        ],
        [
            -0.001392108080662363,
            0.0010370976056161517,
            2.0649350198330424e-18,
            0.0005128416781723296,
            1.4721949499348757e-18,
            0.016650306644874723,
            0.014594520681162753,
            2.424576560771526e-18,
            -0.00010981544770260038,
            8.599894485763355e-19,
            -0.0030905325980651937,
            -0.0007718523486766556,
            2.454576258633488e-19,
            -0.0005443379724507871,
            -5.333769830866115e-19,
            0.0005403844551282451,
            -0.00012483030684961037,
            7.525522252418589e-19,
            0.00013974764741962528,
            -4.372721978307635e-19
        ],
        [
            -4.0493593783043435e-17,
            -3.086604342793453e-17,
            6.833585934977433e-32,
            1.4721949499348757e-18,
            6.573323277985453e-32,
            3.820629708603471e-17,
            1.5228377035695197e-17,
            1.4885016606095122e-33,
            -2.7218960692409484e-18,
            3.8714337623164245e-33,
            -1.111711690917937e-16,
            -7.518179696955334e-17,
            -2.4920352335650643e-33,
            2.983990660903682e-18,
            2.8420385725271265e-33,
            1.5529597596695675e-16,
            1.2734104211595675e-16,
            -3.996979735057451e-33,
            3.401066697982288e-18,
            -4.096536230443384e-33
        ],
        [
            -0.05456872536608342,
            0.02510209115876468,
            5.3635610841353444e-17,
            0.016650306644874723,
            3.8206297086034705e-17,
            0.545201972914695,
            0.48248933934019717,
            8.24822669417618e-17,
            -0.0016973136878537843,
            2.780263060671172e-17,
            -0.05202145866374501,
            0.01841847744815733,
            6.25035807165158e-18,
            -0.017929499982755486,
            -1.9409423015936023e-17,
            0.009575591382871822,
            -0.004813888578518514,
            2.82974466167183e-17,
            0.003090571800383621,
            -1.3341695673602751e-17
        ],
        [
            0.024950890769709556,
            0.08889163903584593,
            3.1075462868380566e-17,
            0.014594520681162753,
            1.522837703569519e-17,
            0.4824893393401972,
            0.44464301182920707,
            8.154041607800298e-17,
            -0.001537599653661032,
            2.6470128521842974e-17,
            0.01841210027918995,
            0.07334595399131523,
            -6.542920914009097e-19,
            -0.015867028899478223,
            -2.2792849594557248e-17,
            -5.796813835310844e-05,
            -0.003354038231628985,
            3.0487189611146946e-17,
            0.0007720738865148014,
            -9.707959649885766e-18
        ],
        [
            1.9961854359709747e-17,
            2.927448094481385e-17,
            3.2552584755737584e-33,
            2.424576560771526e-18,
            1.4885016606095122e-33,
            8.24822669417618e-17,
            8.154041607800297e-17,
            1.7832963944264698e-32,
            2.3570615810666917e-19,
            5.338858021133415e-33,
            3.283592135208704e-17,
            4.202711730572757e-17,
            -3.7150864571620176e-33,
            -2.0558078355568936e-18,
            -6.180580473446613e-33,
            1.8740131399858666e-17,
            2.0746176836019504e-17,
            7.990379722792534e-33,
            -7.811996076645055e-19,
            -9.474546895732574e-34
        ],
        [
            -0.015469154886850167,
            -0.014690043726485226,
            -5.300411857085914e-18,
            -0.0001098154477026004,
            -2.7218960692409484e-18,
            -0.0016973136878537856,
            -0.0015375996536610326,
            2.357061581066691e-19,
            0.0010584076729334198,
            -5.405755001866112e-19,
            0.017929745747543812,
            0.015867379940355787,
            -1.577030722104403e-19,
            2.0602478542294926e-05,
            -2.0667237554101354e-19,
            -0.002491716018309815,
            0.00019889385475395117,
            1.1512617613947372e-18,
            -0.0005443443377382264,
            2.721867667518822e-19
        ],
        [
            1.170053485359866e-17,
            1.4611616789468502e-17,
            5.7827587449945007e-33,
            8.599894485763354e-19,
            3.8714337623164245e-33,
            2.780263060671172e-17,
            2.6470128521842974e-17,
            5.338858021133415e-33,
            -5.405755001866112e-19,
            2.0137656711812647e-33,
            -3.1057957494082455e-18,
            1.8896048333481986e-18,
            -1.0050164665700416e-33,
            -5.886696419313751e-19,
            -1.6443518953026217e-33,
            1.1075460051710363e-17,
            9.427069996540654e-18,
            1.699728192656593e-33,
            1.6308258015076452e-19,
            -5.86105604530265e-34
        ],
        [
            0.00954588930001707,
